ID,FechaConsulta,Fuente,Ref,Municipio,Barrio,Precio,Habitaciones,Banos,Area,TipoArrendador,Arrendador,Contacto,URL,Latitud,Longitud,LatitudBaseSector,LongitudBaseSector,PrecisionUbicacion,DistClinicaKm,EstacionMetro,LineaMetro,DistMetroKm,DentroPresupuesto,CumplePerfil,Score,Prioridad,Recomendacion,GoogleMaps,Notas
1,2026-07-09,Fincaraiz,turn8search326,Medellin,Calasanz,2400000,2,1,70,Por validar,Por validar,Ver portal,https://www.fincaraiz.com.co/apartamento-en-arriendo-en-calasanz-medellin/10647620,6.263002,-75.603956,6.2635,-75.604,Sector aproximado; punto microdesplazado para evitar superposición visual,4.27,Floresta,B,0.63,Si,Si,83.0,Alta,Contactar primero,"https://www.google.com/maps/search/?api=1&query=6.263002,-75.603956","[URL EXACTA VERIFICADA] Calasanz; 2 hab, 1 baño, 70 m²"
2,2026-07-09,Fincaraiz,turn9search352,Medellin,Calasanz,2700000,4,2,75,Inmobiliaria,Maxibienes S.A.S,Ver portal,https://www.fincaraiz.com.co/apartamento-en-arriendo-en-calasanz-medellin/193740009,6.263119,-75.603401,6.2635,-75.604,Sector aproximado; punto microdesplazado para evitar superposición visual,4.21,Floresta,B,0.64,Si,Si,83.0,Alta,Contactar primero,"https://www.google.com/maps/search/?api=1&query=6.263119,-75.603401","[URL EXACTA VERIFICADA] Calasanz; 4 hab, 2 baños, 75 m²"
3,2026-07-09,Metrocuadrado,turn8search269,Medellin,Calasanz,2500000,2,2,70,Inmobiliaria,ESCALA INMOBILIARIA,Ver portal,https://www.metrocuadrado.com/inmueble/arriendo-apartamento-medellin-calasanz-2-habitaciones-2-banos-1-garajes/16549-M6830782,6.2635,-75.60364,6.2635,-75.604,Sector aproximado; punto microdesplazado para evitar superposición visual,4.23,Floresta,B,0.68,Si,Si,82.7,Alta,Contactar primero,"https://www.google.com/maps/search/?api=1&query=6.2635,-75.60364","[URL EXACTA VERIFICADA] Calasanz; 2 hab, 2 baños, 70 m²"
4,2026-07-09,Panorama Belén,turn7search246,Medellin,Florencia Pedregal,1600000,2,2,60,Inmobiliaria,Arrendamientos Panorama Belén,Ver portal,https://panoramabelen.com/apartamento-alquiler-predegal-medellin/8583885,6.292,-75.57164,6.292,-75.572,Sector aproximado; punto microdesplazado para evitar superposición visual,2.88,Tricentenario,A,0.92,Si,Si,82.6,Alta,Contactar primero,"https://www.google.com/maps/search/?api=1&query=6.292,-75.57164","[URL EXACTA VERIFICADA] Código 8583885; 2 alcobas, 2 baños, 60 m²"
5,2026-07-09,Fincaraiz,turn9search351,Medellin,Calasanz,1950000,2,2,60,Inmobiliaria,Escala Inmobiliaria,Ver portal,https://www.fincaraiz.com.co/apartamento-en-arriendo-en-calasanz-medellin/193845863,6.263389,-75.60463,6.2635,-75.604,Sector aproximado; punto microdesplazado para evitar superposición visual,4.34,Floresta,B,0.69,Si,Si,82.5,Alta,Contactar primero,"https://www.google.com/maps/search/?api=1&query=6.263389,-75.60463","[URL EXACTA VERIFICADA] Calasanz; 2 hab, 2 baños, 60 m²; incluye administración"
6,2026-07-09,Fincaraiz,turn8search327,Medellin,Calasanz,2000000,2,2,65,Por validar,Por validar,Ver portal,https://www.fincaraiz.com.co/apartamento-en-arriendo-en-calasanz-medellin/193371053,6.263952,-75.603653,6.2635,-75.604,Sector aproximado; punto microdesplazado para evitar superposición visual,4.23,Floresta,B,0.73,Si,Si,82.3,Alta,Contactar primero,"https://www.google.com/maps/search/?api=1&query=6.263952,-75.603653","[URL EXACTA VERIFICADA] Calasanz; 2 hab, 2 baños, 65 m²; incluye administración"
7,2026-07-09,Fincaraiz,turn8search325,Medellin,Calasanz,2400000,2,2,65,Por validar,Por validar,Ver portal,https://www.fincaraiz.com.co/apartamento-en-arriendo-en-calasanz-medellin/193374457,6.26379,-75.604317,6.2635,-75.604,Sector aproximado; punto microdesplazado para evitar superposición visual,4.3,Floresta,B,0.72,Si,Si,82.3,Alta,Contactar primero,"https://www.google.com/maps/search/?api=1&query=6.26379,-75.604317","[URL EXACTA VERIFICADA] Calasanz parte alta; 2 hab, 2 baños, 65 m²; incluye administración"
8,2026-07-09,Fincaraiz,turn7search230,Medellin,Laureles,1400000,2,1,48,Por validar,Por validar,Ver portal,https://www.fincaraiz.com.co/apartamento-en-arriendo-en-laureles-medellin/193857515,6.246,-75.58964,6.246,-75.59,Sector aproximado; punto microdesplazado para evitar superposición visual,3.53,Suramericana,B,0.88,Si,Si,82.1,Alta,Contactar primero,"https://www.google.com/maps/search/?api=1&query=6.246,-75.58964","[URL EXACTA VERIFICADA] Código 193857515; 2 hab, 1 baño, 48 m²"
9,2026-07-09,Fincaraiz,turn7search231,Medellin,Laureles,2200000,2,2,60,Inmobiliaria,Arrendamientos Alnago,Ver portal,https://www.fincaraiz.com.co/apartamento-en-arriendo-en-laureles-medellin/193823951,6.24629,-75.590317,6.246,-75.59,Sector aproximado; punto microdesplazado para evitar superposición visual,3.57,Suramericana,B,0.89,Si,Si,81.9,Alta,Contactar primero,"https://www.google.com/maps/search/?api=1&query=6.24629,-75.590317","[URL EXACTA VERIFICADA] Código 193823951; 2 hab, 2 baños, 60 m²"
10,2026-07-09,Panorama Belén,turn7search244,Medellin,Belén Las Playas,1800000,2,1,92,Inmobiliaria,Arrendamientos Panorama Belén,Ver portal,https://panoramabelen.com/apartamento-alquiler-las-playas-medellin/9363143,6.237,-75.58564,6.237,-75.586,Sector aproximado; punto microdesplazado para evitar superposición visual,4.0,Industriales,A,1.11,Si,Si,79.6,Alta,Contactar primero,"https://www.google.com/maps/search/?api=1&query=6.237,-75.58564","[URL EXACTA VERIFICADA] Código 9363143; 2 alcobas, 1 baño, 92 m²"
11,2026-07-09,Grupo Empresarial MI,turn8search322,Medellin,Los Colores,2000000,3,2,60,Inmobiliaria,Grupo Empresarial MI,Ver portal,https://grupoempresarialmi.com/buscar-codigo/30116/,6.269102,-75.593956,6.2696,-75.594,Sector aproximado; punto microdesplazado para evitar superposición visual,3.15,Estadio,B,1.64,Si,Si,76.5,Alta,Contactar primero,"https://www.google.com/maps/search/?api=1&query=6.269102,-75.593956","[URL EXACTA VERIFICADA] Código 30116; San Germán/Los Colores; 3 hab, 2 baños, 60 m²"
12,2026-07-09,Fincaraiz,turn8search293,Medellin,La Pilarica,1700000,2,2,40,Por validar,Por validar,Ver portal,https://www.fincaraiz.com.co/apartamento-en-arriendo-en-la-pilarica-medellin/193830928,6.2745,-75.58514,6.2745,-75.5855,Sector aproximado; punto microdesplazado para evitar superposición visual,2.33,Caribe,A,1.8,Si,Si,76.4,Alta,Contactar primero,"https://www.google.com/maps/search/?api=1&query=6.2745,-75.58514","[URL EXACTA VERIFICADA] Mirador de Pilarica; 2 hab, 2 baños, 40 m²"
13,2026-07-09,Fincaraiz,turn8search317,Medellin,Los Colores,2000000,3,2,72,Por validar,Por validar,Ver portal,https://www.fincaraiz.com.co/apartamento-en-arriendo-en-los-colores-medellin/191509623,6.2696,-75.59364,6.2696,-75.594,Sector aproximado; punto microdesplazado para evitar superposición visual,3.12,Estadio,B,1.69,Si,Si,76.1,Alta,Contactar primero,"https://www.google.com/maps/search/?api=1&query=6.2696,-75.59364","[URL EXACTA VERIFICADA] Los Colores; código 191509623; 3 hab, 2 baños, 72 m²"
14,2026-07-09,Fincaraiz,turn9search336,Medellin,La Pilarica,2600000,3,2,85,Por validar,Por validar,Ver portal,https://www.fincaraiz.com.co/apartamento-en-arriendo-en-la-pilarica-medellin/193703652,6.274002,-75.585456,6.2745,-75.5855,Sector aproximado; punto microdesplazado para evitar superposición visual,2.34,Caribe,A,1.85,Si,Si,76.0,Alta,Contactar primero,"https://www.google.com/maps/search/?api=1&query=6.274002,-75.585456","[URL EXACTA VERIFICADA] La Pilarica; 3 hab, 2 baños, 85 m²"
15,2026-07-09,Metrocuadrado,turn8search318,Medellin,Los Colores,2000000,3,2,72,Inmobiliaria,GRUPO EMPRESARIAL MONOPOLIO INMOBILIARIO,Ver portal,https://www.metrocuadrado.com/inmueble/arriendo-apartamento-medellin-los-colores-3-habitaciones-5-banos/2895-M5112722,6.26989,-75.594317,6.2696,-75.594,Sector aproximado; punto microdesplazado para evitar superposición visual,3.2,Floresta,B,1.69,Si,Si,76.0,Alta,Contactar primero,"https://www.google.com/maps/search/?api=1&query=6.26989,-75.594317",[URL EXACTA VERIFICADA] Código 11422/2895-M5112722; revisar inconsistencia de baños en título
16,2026-07-09,Fincaraiz,turn9search335,Medellin,La Pilarica,1850000,3,2,61,Inmobiliaria,Inversion Raiz,Ver portal,https://www.fincaraiz.com.co/apartamento-en-arriendo-en-la-pilarica-medellin/193829952,6.27479,-75.585817,6.2745,-75.5855,Sector aproximado; punto microdesplazado para evitar superposición visual,2.41,Caribe,A,1.87,Si,Si,75.7,Alta,Contactar primero,"https://www.google.com/maps/search/?api=1&query=6.27479,-75.585817","[URL EXACTA VERIFICADA] La Pilarica; 3 hab, 2 baños, 61 m²"
17,2026-07-09,Fincaraiz,turn9search348,Medellin,Robledo Pilarica,2700000,2,2,80,Por validar,Por validar,Ver portal,https://www.fincaraiz.com.co/apartamento-en-arriendo-en-robledo-medellin/191509112,6.275619,-75.585901,6.276,-75.5865,Sector aproximado; punto microdesplazado para evitar superposición visual,2.46,Caribe,A,1.87,Si,Si,75.6,Alta,Contactar primero,"https://www.google.com/maps/search/?api=1&query=6.275619,-75.585901","[URL EXACTA VERIFICADA] Pilarica; 2 hab, 2 baños, 80 m²"
18,2026-07-09,Fincaraiz,turn8search286,Medellin,Robledo Pilarica,1920000,2,1,60,Por validar,Por validar,Ver portal,https://www.fincaraiz.com.co/apartamento-en-arriendo-en-robledo-medellin/191509330,6.276,-75.58614,6.276,-75.5865,Sector aproximado; punto microdesplazado para evitar superposición visual,2.5,Caribe,A,1.89,Si,Si,75.4,Alta,Contactar primero,"https://www.google.com/maps/search/?api=1&query=6.276,-75.58614","[URL EXACTA VERIFICADA] Sector Pilarica; 2 hab, 1 baño, 60 m²"
19,2026-07-09,Fincaraiz,turn8search289,Medellin,Robledo Pilarica,2000000,2,2,55,Inmobiliaria,Su Propiedad Inmobiliaria Asociados SAS,Ver portal,https://www.fincaraiz.com.co/apartamento-en-arriendo-en-robledo-medellin/193836157,6.276452,-75.586153,6.276,-75.5865,Sector aproximado; punto microdesplazado para evitar superposición visual,2.52,Caribe,A,1.89,Si,Si,75.4,Alta,Contactar primero,"https://www.google.com/maps/search/?api=1&query=6.276452,-75.586153","[URL EXACTA VERIFICADA] Pilarica/Robledo; 2 hab, 2 baños, 55 m²"
20,2026-07-09,Fincaraiz,turn8search288,Medellin,Robledo Pilarica,2100000,3,1,55,Por validar,Por validar,Ver portal,https://www.fincaraiz.com.co/apartamento-en-arriendo-en-robledo-medellin/193565816,6.275502,-75.586456,6.276,-75.5865,Sector aproximado; punto microdesplazado para evitar superposición visual,2.51,Caribe,A,1.93,Si,Si,75.1,Alta,Contactar primero,"https://www.google.com/maps/search/?api=1&query=6.275502,-75.586456","[URL EXACTA VERIFICADA] Robledo Pilarica; 3 hab, 1 baño, 55 m²"
21,2026-07-09,Fincaraiz,turn9search350,Medellin,Robledo Pilarica,2700000,3,2,68,Por validar,Por validar,Ver portal,https://www.fincaraiz.com.co/apartamento-en-arriendo-en-robledo-medellin/193740497,6.276348,-75.586593,6.276,-75.5865,Sector aproximado; punto microdesplazado para evitar superposición visual,2.56,Caribe,A,1.94,Si,Si,74.9,Media,Validar distancia y requisitos,"https://www.google.com/maps/search/?api=1&query=6.276348,-75.586593","[URL EXACTA VERIFICADA] Pilarica; 3 hab, 2 baños, 68 m²"
22,2026-07-09,Fincaraiz,turn8search287,Medellin,Robledo Pilarica,1650000,2,2,68,Por validar,Por validar,Ver portal,https://www.fincaraiz.com.co/apartamento-en-arriendo-en-robledo-medellin/192904048,6.27629,-75.586817,6.276,-75.5865,Sector aproximado; punto microdesplazado para evitar superposición visual,2.58,Caribe,A,1.96,Si,Si,74.7,Media,Validar distancia y requisitos,"https://www.google.com/maps/search/?api=1&query=6.27629,-75.586817","[URL EXACTA VERIFICADA] Pilarica; 2 hab, 2 baños, 68 m²; fuente indica sin ascensor"
23,2026-07-09,Fincaraiz,turn8search290,Medellin,Robledo Pilarica,1600000,2,2,65,Por validar,Por validar,Ver portal,https://www.fincaraiz.com.co/apartamento-en-arriendo-en-robledo-medellin/191828483,6.275889,-75.58713,6.276,-75.5865,Sector aproximado; punto microdesplazado para evitar superposición visual,2.59,Caribe,A,2.0,Si,Si,74.4,Media,Validar distancia y requisitos,"https://www.google.com/maps/search/?api=1&query=6.275889,-75.58713","[URL EXACTA VERIFICADA] Pilarica; 2 hab, 2 baños, 65 m²"
24,2026-07-09,Ciencuadras,turn8search285,Medellin,Altamira,2550000,2,2,62,Inmobiliaria,PAYVA ASOCIADOS SAS,Ver portal,https://www.ciencuadras.com/inmueble/apartamento-en-arriendo-en-altamira-medellin-3795020,6.2775,-75.58864,6.2775,-75.589,Sector aproximado; punto microdesplazado para evitar superposición visual,2.82,Caribe,A,2.16,Si,Si,72.8,Media,Validar distancia y requisitos,"https://www.google.com/maps/search/?api=1&query=6.2775,-75.58864","[URL EXACTA VERIFICADA] Altamira; 2 hab, 2 baños, 62 m²"
25,2026-07-09,Fincaraiz,turn9search339,Medellin,Altamira,2500000,3,2,70,Por validar,Por validar,Ver portal,https://www.fincaraiz.com.co/apartamento-en-arriendo-en-altamira-medellin/193888908,6.27779,-75.589317,6.2775,-75.589,Sector aproximado; punto microdesplazado para evitar superposición visual,2.9,Caribe,A,2.23,Si,Si,72.1,Media,Validar distancia y requisitos,"https://www.google.com/maps/search/?api=1&query=6.27779,-75.589317","[URL EXACTA VERIFICADA] Altamira; 3 hab, 2 baños, 70 m²"
26,2026-07-09,Fincaraiz,turn7search224,Medellin,Belén Rosales,2250000,3,2,75,Por validar,Por validar,Ver portal,https://www.fincaraiz.com.co/apartamento-en-arriendo-en-belen-rosales-medellin/193848805,6.224,-75.59564,6.224,-75.596,Sector aproximado; punto microdesplazado para evitar superposición visual,5.81,Poblado,A,2.27,Si,Si,67.8,Media,Validar distancia y requisitos,"https://www.google.com/maps/search/?api=1&query=6.224,-75.59564","[URL EXACTA VERIFICADA] Código 193848805; 3 hab, 2 baños, 75 m²"
27,2026-07-09,Panorama Belén,turn7search242,Medellin,Rodeo Alto,2100000,2,2,55,Inmobiliaria,Arrendamientos Panorama Belén,Ver portal,https://panoramabelen.com/apartamento-alquiler-medellin/8567445,6.195,-75.59764,6.195,-75.598,Sector aproximado; punto microdesplazado para evitar superposición visual,8.74,Aguacatala,A,1.8,Si,Si,67.5,Media,Validar distancia y requisitos,"https://www.google.com/maps/search/?api=1&query=6.195,-75.59764","[URL EXACTA VERIFICADA] Código 8567445; 2 alcobas, 2 baños, 55 m²"
28,2026-07-09,Fincaraiz,turn7search225,Medellin,Belén Rosales,2500000,2,2,45,Inmobiliaria,VIUW INMOBILIARIO,Ver portal,https://www.fincaraiz.com.co/apartamento-en-arriendo-en-belen-rosales-medellin/193777158,6.22429,-75.596317,6.224,-75.596,Sector aproximado; punto microdesplazado para evitar superposición visual,5.83,Poblado,A,2.35,Si,Si,67.1,Media,Validar distancia y requisitos,"https://www.google.com/maps/search/?api=1&query=6.22429,-75.596317","[URL EXACTA VERIFICADA] Código 193777158; 2 hab, 2 baños, 45 m²"
29,2026-07-09,Fincaraiz,turn7search240,Medellin,Belén,2650000,4,3,103,Por validar,Por validar,Ver portal,https://www.fincaraiz.com.co/apartamento-en-arriendo-en-medellin/192425722,6.226,-75.60064,6.226,-75.601,Sector aproximado; punto microdesplazado para evitar superposición visual,5.98,Industriales,A,2.78,Si,Si,65.7,Media,Validar distancia y requisitos,"https://www.google.com/maps/search/?api=1&query=6.226,-75.60064","[URL EXACTA VERIFICADA] Código 192425722; Belén; 4 hab, 3 baños, 103 m²"
30,2026-07-09,Fincaraiz,turn7search227,Medellin,Belén San Bernardo,2500000,4,2,100,Por validar,Por validar,Ver portal,https://www.fincaraiz.com.co/apartamento-en-arriendo-en-belen-san-bernardo-medellin/193811079,6.22,-75.60064,6.22,-75.601,Sector aproximado; punto microdesplazado para evitar superposición visual,6.5,Poblado,A,2.58,Si,Si,65.0,Media,Validar distancia y requisitos,"https://www.google.com/maps/search/?api=1&query=6.22,-75.60064","[URL EXACTA VERIFICADA] Código 193811079; 4 hab, 2 baños, 100 m²"
31,2026-07-09,Fincaraiz,turn7search233,Medellin,Belén San Bernardo,1800000,3,1,45,Inmobiliaria,Maxibienes S.A.S,Ver portal,https://www.fincaraiz.com.co/apartamento-en-arriendo-en-belen-san-bernardo-medellin/193729462,6.22029,-75.601317,6.22,-75.601,Sector aproximado; punto microdesplazado para evitar superposición visual,6.52,Poblado,A,2.66,Si,Si,64.9,Media,Validar distancia y requisitos,"https://www.google.com/maps/search/?api=1&query=6.22029,-75.601317","[URL EXACTA VERIFICADA] Código 193729462; 3 hab, 1 baño, 45 m²"
32,2026-07-09,Panorama Belén,turn7search243,Medellin,Belén San Bernardo,2240000,2,2,65,Inmobiliaria,Arrendamientos Panorama Belén,Ver portal,https://panoramabelen.com/apartamento-alquiler-san-bernardo-medellin/9751613,6.219502,-75.600956,6.22,-75.601,Sector aproximado; punto microdesplazado para evitar superposición visual,6.56,Poblado,A,2.6,Si,Si,64.9,Media,Validar distancia y requisitos,"https://www.google.com/maps/search/?api=1&query=6.219502,-75.600956","[URL EXACTA VERIFICADA] Código 9751613; San Bernardo; 2 alcobas, 2 baños, 65 m²"
33,2026-07-09,Fincaraiz,193786585,Medellin,Calasanz,2550000,3,2,68,Por validar,Por validar,Ver portal,https://www.fincaraiz.com.co/apartamento-en-arriendo-en-calasanz-medellin/193786585,6.267631,-75.608886,6.267631,-75.608886,Coordenada exacta del aviso,2.84,Floresta,B,1.41,Si,Si,70.6,Media,Validar distancia y requisitos,"https://www.google.com/maps/search/?api=1&query=6.267631,-75.608886","[URL EXACTA] Calasanz; 3 hab, 2 baños, 68 m² [Fincaraiz] CALLE 49G B 97- 30"
34,2026-07-09,Fincaraiz,193858036,Medellin,Calasanz,2000000,2,2,51,Por validar,Por validar,Ver portal,https://www.fincaraiz.com.co/apartamento-en-arriendo-en-calasanz-medellin/193858036,6.278701,-75.609528,6.278701,-75.609528,Coordenada exacta del aviso,3.62,Floresta,B,2.48,Si,Si,61.8,Baja,Validar distancia y requisitos,"https://www.google.com/maps/search/?api=1&query=6.278701,-75.609528","[URL EXACTA] Calasanz; 2 hab, 2 baños, 51 m² [Fincaraiz] CARRERA 98B 49B- 360"
35,2026-07-09,Fincaraiz,10620745,Medellin,Calasanz,1900000,3,1,75,Por validar,Por validar,Ver portal,https://www.fincaraiz.com.co/apartamento-en-arriendo-en-calasanz-medellin/10620745,6.253345,-75.610285,6.253345,-75.610285,Coordenada exacta del aviso,2.7,Floresta,B,1.27,Si,Si,74.6,Media,Validar distancia y requisitos,"https://www.google.com/maps/search/?api=1&query=6.253345,-75.610285","[URL EXACTA] Calasanz; 3 hab, 1 baños, 75 m² [Fincaraiz] CALLE 43   92- 90"
36,2026-07-09,Fincaraiz,193733673,Medellin,Calasanz,2000000,2,2,50,Por validar,Por validar,Ver portal,https://www.fincaraiz.com.co/apartamento-en-arriendo-en-calasanz-medellin/193733673,6.270587,-75.609757,6.270587,-75.609757,Coordenada exacta del aviso,3.09,Floresta,B,1.72,Si,Si,69.5,Baja,Validar distancia y requisitos,"https://www.google.com/maps/search/?api=1&query=6.270587,-75.609757","[URL EXACTA] Calasanz; 2 hab, 2 baños, 50 m² [Fincaraiz] Calle 50B #98-65, Calazans, Medellín, Antioquia, Colombia"
37,2026-07-09,Fincaraiz,193915174,Medellin,Calasanz,2400000,3,2,55,Por validar,Por validar,Ver portal,https://www.fincaraiz.com.co/apartamento-en-arriendo-en-calasanz-medellin/193915174,6.266243,-75.608886,6.266243,-75.608886,Coordenada exacta del aviso,2.77,Floresta,B,1.31,Si,Si,72.2,Media,Validar distancia y requisitos,"https://www.google.com/maps/search/?api=1&query=6.266243,-75.608886","[URL EXACTA] Calasanz; 3 hab, 2 baños, 55 m² [Fincaraiz] calle 49gb#97-30"
38,2026-07-09,Fincaraiz,193746949,Medellin,Calasanz,2500000,3,2,75,Por validar,Por validar,Ver portal,https://www.fincaraiz.com.co/apartamento-en-arriendo-en-calasanz-medellin/193746949,6.269621,-75.59589,6.269621,-75.59589,Coordenada exacta del aviso,1.87,Floresta,B,1.32,Si,Si,74.4,Media,Validar distancia y requisitos,"https://www.google.com/maps/search/?api=1&query=6.269621,-75.59589","[URL EXACTA] Calasanz; 3 hab, 2 baños, 75 m² [Fincaraiz] Cl. 55 #80-54, apto 525 VILLAS DEL ESCORIAL  Medellín"
39,2026-07-09,Fincaraiz,193435351,Medellin,Laureles,2100000,2,2,92,Por validar,Por validar,Ver portal,https://www.fincaraiz.com.co/apartamento-en-arriendo-en-laureles-medellin/193435351,6.258801,-75.598108,6.258801,-75.598108,Coordenada exacta del aviso,1.37,Floresta,B,0.21,Si,Si,86.3,Alta,Contactar primero,"https://www.google.com/maps/search/?api=1&query=6.258801,-75.598108","[URL EXACTA] Laureles; 2 hab, 2 baños, 92 m² [Fincaraiz] CL 48 80 68 AP 501"
40,2026-07-09,Fincaraiz,193609376,Medellin,Calasanz,2600000,3,2,72,Por validar,Por validar,Ver portal,https://www.fincaraiz.com.co/apartamento-en-arriendo-en-calasanz-medellin/193609376,6.26396,-75.60199,6.26396,-75.60199,Coordenada exacta del aviso,1.98,Floresta,B,0.65,Si,Si,79.1,Alta,Contactar primero,"https://www.google.com/maps/search/?api=1&query=6.26396,-75.60199","[URL EXACTA] Calasanz; 3 hab, 2 baños, 72 m² [Fincaraiz] CALLE 49E 83A- 196"
41,2026-07-09,Fincaraiz,193888222,Medellin,Calasanz,2100000,2,2,60,Por validar,Por validar,Ver portal,https://www.fincaraiz.com.co/apartamento-en-arriendo-en-calasanz-medellin/193888222,6.261636,-75.598962,6.261636,-75.598962,Coordenada exacta del aviso,1.56,Floresta,B,0.37,Si,Si,84.5,Alta,Contactar primero,"https://www.google.com/maps/search/?api=1&query=6.261636,-75.598962","[URL EXACTA] Calasanz; 2 hab, 2 baños, 60 m² [Fincaraiz] CALASANZ"
42,2026-07-09,Fincaraiz,193654539,Medellin,Calasanz,2200000,2,2,55,Por validar,Por validar,Ver portal,https://www.fincaraiz.com.co/apartamento-en-arriendo-en-calasanz-medellin/193654539,6.263532,-75.600469,6.263532,-75.600469,Coordenada exacta del aviso,1.81,Floresta,B,0.56,Si,Si,81.8,Alta,Contactar primero,"https://www.google.com/maps/search/?api=1&query=6.263532,-75.600469","[URL EXACTA] Calasanz; 2 hab, 2 baños, 55 m² [Fincaraiz] Calasanz, La América, Carrera 82, Calasanz Parte Alta, La América, Medellín, Antioquia, Colombia"
43,2026-07-09,Fincaraiz,192625023,Medellin,Calasanz,2600000,3,2,,Por validar,Por validar,Ver portal,https://www.fincaraiz.com.co/apartamento-en-arriendo-en-calasanz-medellin/192625023,6.260916,-75.598985,6.260916,-75.598985,Coordenada exacta del aviso,1.54,Floresta,B,0.29,Si,Si,83.3,Alta,Contactar primero,"https://www.google.com/maps/search/?api=1&query=6.260916,-75.598985","[URL EXACTA] Calasanz; 3 hab, 2 baños, None m² [Fincaraiz] calasanz"
44,2026-07-09,Fincaraiz,193374700,Medellin,Calasanz,2350000,3,2,75,Por validar,Por validar,Ver portal,https://www.fincaraiz.com.co/apartamento-en-arriendo-en-calasanz-medellin/193374700,6.252987,-75.606917,6.252987,-75.606917,Coordenada exacta del aviso,2.34,Floresta,B,0.98,Si,Si,76.3,Media,Validar distancia y requisitos,"https://www.google.com/maps/search/?api=1&query=6.252987,-75.606917","[URL EXACTA] Calasanz; 3 hab, 2 baños, 75 m² [Fincaraiz] CARRERA 90 44A- 18"
45,2026-07-09,Fincaraiz,193654394,Medellin,Calasanz,1750000,2,1,40,Por validar,Por validar,Ver portal,https://www.fincaraiz.com.co/apartamento-en-arriendo-en-calasanz-medellin/193654394,6.271397,-75.603645,6.271397,-75.603645,Coordenada exacta del aviso,2.6,Floresta,B,1.49,Si,Si,73.7,Media,Validar distancia y requisitos,"https://www.google.com/maps/search/?api=1&query=6.271397,-75.603645","[URL EXACTA] Calasanz; 2 hab, 1 baños, 40 m² [Fincaraiz] CR 86 C 53 C 112 AP In 1104 punta luna 3"
46,2026-07-09,Fincaraiz,193675761,Medellin,Calasanz,2400000,3,2,70,Por validar,Por validar,Ver portal,https://www.fincaraiz.com.co/apartamento-en-arriendo-en-calasanz-medellin/193675761,6.2631,-75.598829,6.2631,-75.598829,Coordenada exacta del aviso,1.62,Floresta,B,0.53,Si,Si,81.9,Alta,Contactar primero,"https://www.google.com/maps/search/?api=1&query=6.2631,-75.598829","[URL EXACTA] Calasanz; 3 hab, 2 baños, 70 m² [Fincaraiz] calle 49f # 87 - 125"
47,2026-07-09,Fincaraiz,193490817,Medellin,Laureles,2500000,2,2,70,Por validar,Por validar,Ver portal,https://www.fincaraiz.com.co/apartamento-en-arriendo-en-laureles-medellin/193490817,6.247177,-75.599555,6.247177,-75.599555,Coordenada exacta del aviso,1.79,Floresta,B,1.26,Si,Si,75.2,Media,Validar distancia y requisitos,"https://www.google.com/maps/search/?api=1&query=6.247177,-75.599555","[URL EXACTA] Laureles; 2 hab, 2 baños, 70 m² [Fincaraiz] CL 38B 75 100 AP 302"
48,2026-07-09,Fincaraiz,193862868,Medellin,Laureles,2600000,2,2,70,Por validar,Por validar,Ver portal,https://www.fincaraiz.com.co/apartamento-en-arriendo-en-laureles-medellin/193862868,6.24867,-75.599712,6.24867,-75.599712,Coordenada exacta del aviso,1.72,Floresta,B,1.09,Si,Si,76.3,Media,Validar distancia y requisitos,"https://www.google.com/maps/search/?api=1&query=6.24867,-75.599712","[URL EXACTA] Laureles; 2 hab, 2 baños, 70 m² [Fincaraiz] Lorena, Laureles - Estadio, Medellín, Antioquia, Colombia"
49,2026-07-09,Fincaraiz,193966588,Medellin,Los colores,2400000,3,2,56,Por validar,Por validar,Ver portal,https://www.fincaraiz.com.co/apartamento-en-arriendo-en-los-colores-medellin/193966588,6.266001,-75.589565,6.266001,-75.589565,Coordenada exacta del aviso,1.18,Floresta,B,1.42,Si,Si,76.1,Media,Validar distancia y requisitos,"https://www.google.com/maps/search/?api=1&query=6.266001,-75.589565","[URL EXACTA] Los colores; 3 hab, 2 baños, 56 m² [Fincaraiz] CARRERA 76A #53 -215 APARTAMENTO 311 BLOQUE 2 PLAZA DE COLORES"
50,2026-07-09,Fincaraiz,193959519,Medellin,Los colores,2400000,2,2,58,Por validar,Por validar,Ver portal,https://www.fincaraiz.com.co/apartamento-en-arriendo-en-los-colores-medellin/193959519,6.265523,-75.589606,6.265523,-75.589606,Coordenada exacta del aviso,1.13,Floresta,B,1.39,Si,Si,76.5,Media,Validar distancia y requisitos,"https://www.google.com/maps/search/?api=1&query=6.265523,-75.589606","[URL EXACTA] Los colores; 2 hab, 2 baños, 58 m² [Fincaraiz] Carrera 76 A #53 -215"
51,2026-07-09,Fincaraiz,193970360,Medellin,La pilarica,1700000,2,2,50,Por validar,Por validar,Ver portal,https://www.fincaraiz.com.co/apartamento-en-arriendo-en-la-pilarica-medellin/193970360,6.277674,-75.58918,6.277674,-75.58918,Coordenada exacta del aviso,2.44,Caribe,A,2.01,Si,Si,70.2,Media,Validar distancia y requisitos,"https://www.google.com/maps/search/?api=1&query=6.277674,-75.58918","[URL EXACTA] La pilarica; 2 hab, 2 baños, 50 m² [Fincaraiz] Diagonal 79a 76-375"
52,2026-07-09,Fincaraiz,193444516,Medellin,La pilarica,2000000,2,2,63,Por validar,Por validar,Ver portal,https://www.fincaraiz.com.co/apartamento-en-arriendo-en-la-pilarica-medellin/193444516,6.273531,-75.580133,6.273531,-75.580133,Coordenada exacta del aviso,2.05,Caribe,A,1.18,Si,Si,76.9,Media,Validar distancia y requisitos,"https://www.google.com/maps/search/?api=1&query=6.273531,-75.580133","[URL EXACTA] La pilarica; 2 hab, 2 baños, 63 m² [Fincaraiz] CL 73 69 16 AP 301"
53,2026-07-09,Fincaraiz,193972351,Medellin,Robledo,1700000,2,2,60,Por validar,Por validar,Ver portal,https://www.fincaraiz.com.co/apartamento-en-arriendo-en-robledo-medellin/193972351,6.279317,-75.586674,6.279317,-75.586674,Coordenada exacta del aviso,2.59,Caribe,A,1.73,Si,Si,72.0,Media,Validar distancia y requisitos,"https://www.google.com/maps/search/?api=1&query=6.279317,-75.586674","[URL EXACTA] Robledo; 2 hab, 2 baños, 60 m² [Fincaraiz] DG 79 A 76 379 AP 1906"
54,2026-07-09,Fincaraiz,192592604,Medellin,Robledo,2300000,3,3,,Por validar,Por validar,Ver portal,https://www.fincaraiz.com.co/apartamento-en-arriendo-en-robledo-medellin/192592604,6.272984,-75.585128,6.272984,-75.585128,Coordenada exacta del aviso,1.89,Caribe,A,1.7,Si,Si,72.1,Media,Validar distancia y requisitos,"https://www.google.com/maps/search/?api=1&query=6.272984,-75.585128","[URL EXACTA] Robledo; 3 hab, 3 baños, None m² [Fincaraiz] Calle 73 # 73 54 edificio la pilarica"
55,2026-07-09,Fincaraiz,193500044,Medellin,La pilarica,2000000,2,2,55,Por validar,Por validar,Ver portal,https://www.fincaraiz.com.co/apartamento-en-arriendo-en-la-pilarica-medellin/193500044,6.273699,-75.580064,6.273699,-75.580064,Coordenada exacta del aviso,2.07,Caribe,A,1.16,Si,Si,77.0,Media,Validar distancia y requisitos,"https://www.google.com/maps/search/?api=1&query=6.273699,-75.580064","[URL EXACTA] La pilarica; 2 hab, 2 baños, 55 m² [Fincaraiz] CL 73 #69 -16"
56,2026-07-09,Fincaraiz,193277517,Medellin,El velodromo,1900000,2,1,60,Por validar,Por validar,Ver portal,https://www.fincaraiz.com.co/apartamento-en-arriendo-en-el-velodromo-medellin/193277517,6.257071,-75.594075,6.257071,-75.594075,Coordenada exacta del aviso,0.9,Floresta,B,0.67,Si,Si,84.8,Alta,Contactar primero,"https://www.google.com/maps/search/?api=1&query=6.257071,-75.594075","[URL EXACTA] El velodromo; 2 hab, 1 baños, 60 m² [Fincaraiz] CL 47 77 AA 21 INT 101"
57,2026-07-09,Fincaraiz,191784382,Medellin,Estadio,2500000,2,1,,Por validar,Por validar,Ver portal,https://www.fincaraiz.com.co/apartamento-en-arriendo-en-estadio-medellin/191784382,6.252281,-75.588785,6.252281,-75.588785,Coordenada exacta del aviso,0.52,Suramericana,B,0.12,Si,Si,88.1,Alta,Contactar primero,"https://www.google.com/maps/search/?api=1&query=6.252281,-75.588785","[URL EXACTA] Estadio; 2 hab, 1 baños, None m² [Fincaraiz] Carrera 70 A # 46 39"
58,2026-07-09,Fincaraiz,193646348,Medellin,Estadio,1700000,1,1,45,Por validar,Por validar,Ver portal,https://www.fincaraiz.com.co/apartamento-en-arriendo-en-estadio-medellin/193646348,6.251403,-75.587418,6.251403,-75.587418,Coordenada exacta del aviso,0.53,Suramericana,B,0.19,Si,No,90.5,Alta,Contactar primero,"https://www.google.com/maps/search/?api=1&query=6.251403,-75.587418","[URL EXACTA] Estadio; 1 hab, 1 baños, 45 m² [Fincaraiz] CL 46 69 18 PISO 2 AP 201"
59,2026-07-09,Fincaraiz,193951256,Medellin,Estadio,2500000,3,2,74,Por validar,Por validar,Ver portal,https://www.fincaraiz.com.co/apartamento-en-arriendo-en-estadio-medellin/193951256,6.258946,-75.596751,6.258946,-75.596751,Coordenada exacta del aviso,1.23,Floresta,B,0.36,Si,Si,84.0,Alta,Contactar primero,"https://www.google.com/maps/search/?api=1&query=6.258946,-75.596751","[URL EXACTA] Estadio; 3 hab, 2 baños, 74 m² [Fincaraiz] CR 79 48 10 AP 403"
60,2026-07-09,Fincaraiz,193936673,Medellin,La floresta,2000000,2,1,45,Por validar,Por validar,Ver portal,https://www.fincaraiz.com.co/apartamento-en-arriendo-en-la-floresta-medellin/193936673,6.258948,-75.596087,6.258948,-75.596087,Coordenada exacta del aviso,1.16,Floresta,B,0.44,Si,Si,85.5,Alta,Contactar primero,"https://www.google.com/maps/search/?api=1&query=6.258948,-75.596087","[URL EXACTA] La floresta; 2 hab, 1 baños, 45 m² [Fincaraiz] La Floresta"
61,2026-07-09,Fincaraiz,193945201,Medellin,Estadio,2100000,1,1,40,Por validar,Por validar,Ver portal,https://www.fincaraiz.com.co/apartamento-en-arriendo-en-estadio-medellin/193945201,6.252439,-75.588628,6.252439,-75.588628,Coordenada exacta del aviso,0.49,Suramericana,B,0.09,Si,No,89.9,Alta,Contactar primero,"https://www.google.com/maps/search/?api=1&query=6.252439,-75.588628","[URL EXACTA] Estadio; 1 hab, 1 baños, 40 m² [Fincaraiz] carrera 70A #46-39"
62,2026-07-09,Fincaraiz,193957061,Medellin,La floresta,1900000,2,1,45,Por validar,Por validar,Ver portal,https://www.fincaraiz.com.co/apartamento-en-arriendo-en-la-floresta-medellin/193957061,6.258856,-75.597114,6.258856,-75.597114,Coordenada exacta del aviso,1.27,Floresta,B,0.32,Si,Si,86.5,Alta,Contactar primero,"https://www.google.com/maps/search/?api=1&query=6.258856,-75.597114","[URL EXACTA] La floresta; 2 hab, 1 baños, 45 m² [Fincaraiz] CL 48 79 24 AP 702 floresta"
63,2026-07-09,Fincaraiz,193541731,Medellin,Laureles,2500000,3,2,78,Por validar,Por validar,Ver portal,https://www.fincaraiz.com.co/apartamento-en-arriendo-en-laureles-medellin/193541731,6.235535,-75.592207,6.235535,-75.592207,Coordenada exacta del aviso,2.38,Suramericana,B,2.0,Si,Si,67.5,Baja,Validar distancia y requisitos,"https://www.google.com/maps/search/?api=1&query=6.235535,-75.592207","[URL EXACTA] Laureles; 3 hab, 2 baños, 78 m² [Fincaraiz] KR 71 27 106 BL 8 AP 527"
64,2026-07-09,Fincaraiz,193047005,Medellin,San javier,2200000,3,2,55,Por validar,Por validar,Ver portal,https://www.fincaraiz.com.co/apartamento-en-arriendo-en-san-javier-medellin/193047005,6.255651,-75.618627,6.255651,-75.618627,Coordenada exacta del aviso,3.61,Floresta,B,2.08,Si,Si,64.3,Baja,Validar distancia y requisitos,"https://www.google.com/maps/search/?api=1&query=6.255651,-75.618627","[URL EXACTA] San javier; 3 hab, 2 baños, 55 m² [Fincaraiz] San Javier, Medellín, Antioquia, Colombia"
65,2026-07-09,Fincaraiz,193543433,Medellin,Belén,2500000,3,2,70,Por validar,Por validar,Ver portal,https://www.fincaraiz.com.co/apartamento-en-arriendo-en-belen-medellin/193543433,6.229483,-75.608277,6.229483,-75.608277,Coordenada exacta del aviso,3.84,Floresta,B,3.35,Si,Si,52.3,Baja,Validar distancia y requisitos,"https://www.google.com/maps/search/?api=1&query=6.229483,-75.608277","[URL EXACTA] Belén; 3 hab, 2 baños, 70 m² [Fincaraiz] Mirador de los Alpes, Calle 28, Medellín, Antioquia, Colombia"
66,2026-07-09,Fincaraiz,193676545,Medellin,Belén Rincón,1450000,2,2,55,Por validar,Por validar,Ver portal,https://www.fincaraiz.com.co/apartamento-en-arriendo-en-belen-rincon-medellin/193676545,6.211244,-75.610051,6.211244,-75.610051,Coordenada exacta del aviso,5.64,Poblado,A,3.54,Si,Si,49.3,Baja,Validar distancia y requisitos,"https://www.google.com/maps/search/?api=1&query=6.211244,-75.610051","[URL EXACTA] Belén Rincón; 2 hab, 2 baños, 55 m² [Fincaraiz] CR 88 B 02 B 154 AP 203 INT"
67,2026-07-09,Fincaraiz,193770137,Medellin,Belén Aliadas,2350000,3,2,83,Por validar,Por validar,Ver portal,https://www.fincaraiz.com.co/apartamento-en-arriendo-en-belen-aliadas-medellin/193770137,6.220517,-75.606796,6.220517,-75.606796,Coordenada exacta del aviso,4.57,Poblado,A,3.32,Si,Si,50.9,Baja,Validar distancia y requisitos,"https://www.google.com/maps/search/?api=1&query=6.220517,-75.606796","[URL EXACTA] Belén Aliadas; 3 hab, 2 baños, 83 m² [Fincaraiz] CARRERA 84A 9- 58"
68,2026-07-09,Fincaraiz,193738202,Medellin,Belén,1850000,2,1,56,Por validar,Por validar,Ver portal,https://www.fincaraiz.com.co/apartamento-en-arriendo-en-belen-medellin/193738202,6.226495,-75.605612,6.226495,-75.605612,Coordenada exacta del aviso,3.93,Industriales,A,3.4,Si,Si,54.1,Baja,Validar distancia y requisitos,"https://www.google.com/maps/search/?api=1&query=6.226495,-75.605612","[URL EXACTA] Belén; 2 hab, 1 baños, 56 m² [Fincaraiz] CARRERA 82D # 20b-3"
69,2026-07-09,Fincaraiz,193846104,Medellin,La castellana,2500000,3,2,71,Por validar,Por validar,Ver portal,https://www.fincaraiz.com.co/apartamento-en-arriendo-en-la-castellana-medellin/193846104,6.238872,-75.605321,6.238872,-75.605321,Coordenada exacta del aviso,2.86,Floresta,B,2.26,Si,Si,63.9,Baja,Validar distancia y requisitos,"https://www.google.com/maps/search/?api=1&query=6.238872,-75.605321","[URL EXACTA] La castellana; 3 hab, 2 baños, 71 m² [Fincaraiz] Carrera 82A # 33-12, Laureles - Estadio, Medellín, Antioquia, Colombia"
70,2026-07-09,Fincaraiz,193964031,Medellin,Rodeo Alto,1800000,3,1,45,Por validar,Por validar,Ver portal,https://www.fincaraiz.com.co/apartamento-en-arriendo-en-rodeo-alto-medellin/193964031,6.231514,-75.591407,6.231514,-75.591407,Coordenada exacta del aviso,2.79,Industriales,A,1.84,Si,Si,70.1,Media,Validar distancia y requisitos,"https://www.google.com/maps/search/?api=1&query=6.231514,-75.591407","[URL EXACTA] Rodeo Alto; 3 hab, 1 baños, 45 m² [Fincaraiz] Belén, Medellín, Antioquia, Colombia"
71,2026-07-09,Fincaraiz,193420837,Medellin,San Antonio de Pereira,2400000,2,2,65,Por validar,Por validar,Ver portal,https://www.fincaraiz.com.co/apartamento-en-arriendo-en-san-antonio-de-pereira-medellin/193420837,6.246034,-75.582628,6.246034,-75.582628,Coordenada exacta del aviso,1.17,Estadio,B,0.79,Si,Si,81.1,Alta,Contactar primero,"https://www.google.com/maps/search/?api=1&query=6.246034,-75.582628","[URL EXACTA] San Antonio de Pereira; 2 hab, 2 baños, 65 m² [Fincaraiz] Diagonal 50 # 15- 28"
72,2026-07-09,Fincaraiz,193298385,Medellin,Bolivariana,1550000,2,1,40,Por validar,Por validar,Ver portal,https://www.fincaraiz.com.co/apartamento-en-arriendo-en-bolivariana-medellin/193298385,6.24435,-75.588293,6.24435,-75.588293,Coordenada exacta del aviso,1.32,Suramericana,B,0.96,Si,Si,82.5,Alta,Contactar primero,"https://www.google.com/maps/search/?api=1&query=6.24435,-75.588293","[URL EXACTA] Bolivariana; 2 hab, 1 baños, 40 m² [Fincaraiz] CQ 1 68 50 APTO 307"
73,2026-07-09,Fincaraiz,193197726,Medellin,San joaquin,2300000,2,1,41,Por validar,Por validar,Ver portal,https://www.fincaraiz.com.co/apartamento-en-arriendo-en-san-joaquin-medellin/193197726,6.245906,-75.585552,6.245906,-75.585552,Coordenada exacta del aviso,1.12,Estadio,B,0.81,Si,Si,81.5,Alta,Contactar primero,"https://www.google.com/maps/search/?api=1&query=6.245906,-75.585552","[URL EXACTA] San joaquin; 2 hab, 1 baños, 41 m² [Fincaraiz] CQ 6 66 B 155 AP 302"
74,2026-07-09,Fincaraiz,193631987,Medellin,San joaquin,2300000,2,1,55,Por validar,Por validar,Ver portal,https://www.fincaraiz.com.co/apartamento-en-arriendo-en-san-joaquin-medellin/193631987,6.246226,-75.585744,6.246226,-75.585744,Coordenada exacta del aviso,1.09,Estadio,B,0.78,Si,Si,81.8,Alta,Contactar primero,"https://www.google.com/maps/search/?api=1&query=6.246226,-75.585744","[URL EXACTA] San joaquin; 2 hab, 1 baños, 55 m² [Fincaraiz] TRANSVERSAL 36 #66B -167 APARTAMENTO 302"
75,2026-07-09,Fincaraiz,193288144,Medellin,La castellana,2500000,3,2,75,Por validar,Por validar,Ver portal,https://www.fincaraiz.com.co/apartamento-en-arriendo-en-la-castellana-medellin/193288144,6.2405,-75.607715,6.2405,-75.607715,Coordenada exacta del aviso,2.95,Floresta,B,2.18,Si,Si,64.3,Baja,Validar distancia y requisitos,"https://www.google.com/maps/search/?api=1&query=6.2405,-75.607715","[URL EXACTA] La castellana; 3 hab, 2 baños, 75 m² [Fincaraiz] KR 84 33 128 AP 301"
76,2026-07-09,Fincaraiz,193848735,Medellin,Robledo,1500000,3,1,50,Por validar,Por validar,Ver portal,https://www.fincaraiz.com.co/apartamento-en-arriendo-en-robledo-medellin/193848735,6.287262,-75.611321,6.287262,-75.611321,Coordenada exacta del aviso,4.46,Floresta,B,3.43,Si,Si,53.5,Baja,Validar distancia y requisitos,"https://www.google.com/maps/search/?api=1&query=6.287262,-75.611321","[URL EXACTA] Robledo; 3 hab, 1 baños, 50 m² [Fincaraiz] Calle 67 #99-183, Pajarito, Medellín, Antioquia, Colombia"
77,2026-07-09,Fincaraiz,193959407,Medellin,Robledo,2550000,2,2,62,Por validar,Por validar,Ver portal,https://www.fincaraiz.com.co/apartamento-en-arriendo-en-robledo-medellin/193959407,6.279121,-75.581063,6.279121,-75.581063,Coordenada exacta del aviso,2.63,Caribe,A,1.11,Si,Si,73.6,Media,Validar distancia y requisitos,"https://www.google.com/maps/search/?api=1&query=6.279121,-75.581063","[URL EXACTA] Robledo; 2 hab, 2 baños, 62 m² [Fincaraiz] CL 79 # 72A - 110"
78,2026-07-09,Fincaraiz,193857359,Medellin,Robledo,1700000,2,1,46,Por validar,Por validar,Ver portal,https://www.fincaraiz.com.co/apartamento-en-arriendo-en-robledo-medellin/193857359,6.300699,-75.58491,6.300699,-75.58491,Coordenada exacta del aviso,4.97,Tricentenario,A,2.37,Si,Si,59.7,Baja,Validar distancia y requisitos,"https://www.google.com/maps/search/?api=1&query=6.300699,-75.58491","[URL EXACTA] Robledo; 2 hab, 1 baños, 46 m² [Fincaraiz] CR 86 64 49 AP 401"
79,2026-07-09,Fincaraiz,193751926,Medellin,El Poblado,1200000,2,1,50,Por validar,Por validar,Ver portal,https://www.fincaraiz.com.co/apartamento-en-arriendo-en-el-poblado-medellin/193751926,6.279644,-75.590355,6.279644,-75.590355,Coordenada exacta del aviso,2.67,Caribe,A,2.14,Si,Si,70.4,Media,Validar distancia y requisitos,"https://www.google.com/maps/search/?api=1&query=6.279644,-75.590355","[URL EXACTA] El Poblado; 2 hab, 1 baños, 50 m² [Fincaraiz] CALLE 76EB # 82C 52"
80,2026-07-09,Fincaraiz,193898796,Medellin,Robledo,1500000,2,1,50,Por validar,Por validar,Ver portal,https://www.fincaraiz.com.co/apartamento-en-arriendo-en-robledo-medellin/193898796,6.278165,-75.598075,6.278165,-75.598075,Coordenada exacta del aviso,2.8,Floresta,B,2.2,Si,Si,68.4,Baja,Validar distancia y requisitos,"https://www.google.com/maps/search/?api=1&query=6.278165,-75.598075","[URL EXACTA] Robledo; 2 hab, 1 baños, 50 m² [Fincaraiz] CARRERA 90 65C- 10"
81,2026-07-09,Fincaraiz,193849252,Medellin,Robledo,1450000,3,1,49,Por validar,Por validar,Ver portal,https://www.fincaraiz.com.co/apartamento-en-arriendo-en-robledo-medellin/193849252,6.280252,-75.617781,6.280252,-75.617781,Coordenada exacta del aviso,4.43,Floresta,B,3.12,Si,Si,56.3,Baja,Validar distancia y requisitos,"https://www.google.com/maps/search/?api=1&query=6.280252,-75.617781","[URL EXACTA] Robledo; 3 hab, 1 baños, 49 m² [Fincaraiz] TERRITORIO AURORA"
82,2026-07-09,Fincaraiz,193884601,Medellin,Robledo,1700000,3,1,43,Por validar,Por validar,Ver portal,https://www.fincaraiz.com.co/apartamento-en-arriendo-en-robledo-medellin/193884601,6.265379,-75.573711,6.265379,-75.573711,Coordenada exacta del aviso,1.71,Caribe,A,1.54,Si,Si,76.2,Media,Validar distancia y requisitos,"https://www.google.com/maps/search/?api=1&query=6.265379,-75.573711","[URL EXACTA] Robledo; 3 hab, 1 baños, 43 m² [Fincaraiz] CL 67 99 183 AP 316 TORRE 3"
83,2026-07-09,Fincaraiz,191730206,Medellin,San german,1500000,2,1,,Por validar,Por validar,Ver portal,https://www.fincaraiz.com.co/apartamento-en-arriendo-en-san-german-medellin/191730206,6.267229,-75.586261,6.267229,-75.586261,Coordenada exacta del aviso,1.25,Suramericana,B,1.59,Si,Si,77.9,Media,Validar distancia y requisitos,"https://www.google.com/maps/search/?api=1&query=6.267229,-75.586261","[URL EXACTA] San german; 2 hab, 1 baños, None m² [Fincaraiz] Carrera 74 B #65 -41"
84,2026-07-09,Fincaraiz,193509451,Medellin,Robledo,1400000,2,1,45,Por validar,Por validar,Ver portal,https://www.fincaraiz.com.co/apartamento-en-arriendo-en-robledo-medellin/193509451,6.27829,-75.622002,6.27829,-75.622002,Coordenada exacta del aviso,4.69,Floresta,B,3.28,Si,Si,54.4,Baja,Validar distancia y requisitos,"https://www.google.com/maps/search/?api=1&query=6.27829,-75.622002","[URL EXACTA] Robledo; 2 hab, 1 baños, 45 m² [Fincaraiz] CL 64C 115 185 AP"
85,2026-07-09,Fincaraiz,193939474,Medellin,Simon bolivar,1950000,2,1,55,Por validar,Por validar,Ver portal,https://www.fincaraiz.com.co/apartamento-en-arriendo-en-simon-bolivar-medellin/193939474,6.250771,-75.606474,6.250771,-75.606474,Coordenada exacta del aviso,2.34,Floresta,B,1.12,Si,Si,76.7,Media,Validar distancia y requisitos,"https://www.google.com/maps/search/?api=1&query=6.250771,-75.606474","[URL EXACTA] Simon bolivar; 2 hab, 1 baños, 55 m² [Fincaraiz] CALLE 42 81A- 32"
86,2026-07-09,Fincaraiz,193958987,Medellin,Simon bolivar,2253000,1,2,55,Por validar,Por validar,Ver portal,https://www.fincaraiz.com.co/apartamento-en-arriendo-en-simon-bolivar-medellin/193958987,6.249016,-75.603713,6.249016,-75.603713,Coordenada exacta del aviso,2.11,Floresta,B,1.13,Si,No,76.2,Media,Validar distancia y requisitos,"https://www.google.com/maps/search/?api=1&query=6.249016,-75.603713","[URL EXACTA] Simon bolivar; 1 hab, 2 baños, 55 m² [Fincaraiz] Carrera 82 #42c-41, Simón Bolívar, Medellín, Antioquia, Colombia"
87,2026-07-09,Fincaraiz,193611585,Medellin,La america,2000000,3,3,82,Por validar,Por validar,Ver portal,https://www.fincaraiz.com.co/apartamento-en-arriendo-en-la-america-medellin/193611585,6.252608,-75.60754,6.252608,-75.60754,Coordenada exacta del aviso,2.41,Floresta,B,1.06,Si,Si,76.8,Media,Validar distancia y requisitos,"https://www.google.com/maps/search/?api=1&query=6.252608,-75.60754","[URL EXACTA] La america; 3 hab, 3 baños, 82 m² [Fincaraiz] KR 90 # 44 - 13"
88,2026-07-09,Fincaraiz,193860334,Medellin,La floresta,2500000,4,2,90,Por validar,Por validar,Ver portal,https://www.fincaraiz.com.co/apartamento-en-arriendo-en-la-floresta-medellin/193860334,6.254731,-75.604004,6.254731,-75.604004,Coordenada exacta del aviso,2.0,Floresta,B,0.61,Si,Si,79.7,Alta,Contactar primero,"https://www.google.com/maps/search/?api=1&query=6.254731,-75.604004","[URL EXACTA] La floresta; 4 hab, 2 baños, 90 m² [Fincaraiz] CR 87 C 45 AA 91 AP 201"
89,2026-07-09,Fincaraiz,193829866,Medellin,La america,1900000,2,2,68,Por validar,Por validar,Ver portal,https://www.fincaraiz.com.co/apartamento-en-arriendo-en-la-america-medellin/193829866,6.255206,-75.602622,6.255206,-75.602622,Coordenada exacta del aviso,1.84,Floresta,B,0.47,Si,Si,83.6,Alta,Contactar primero,"https://www.google.com/maps/search/?api=1&query=6.255206,-75.602622","[URL EXACTA] La america; 2 hab, 2 baños, 68 m² [Fincaraiz] La América, Medellín, Antioquia, Colombia"
90,2026-07-09,Fincaraiz,191508368,Medellin,La america,2500000,4,2,,Por validar,Por validar,Ver portal,https://www.fincaraiz.com.co/apartamento-en-arriendo-en-la-america-medellin/191508368,6.250794,-75.601372,6.250794,-75.601372,Coordenada exacta del aviso,1.8,Floresta,B,0.87,Si,Si,78.2,Alta,Contactar primero,"https://www.google.com/maps/search/?api=1&query=6.250794,-75.601372","[URL EXACTA] La america; 4 hab, 2 baños, None m² [Fincaraiz] Carrera 79 D # 44 18"
91,2026-07-09,Fincaraiz,193721827,Medellin,Calasanz,2500000,2,1,75,Por validar,Por validar,Ver portal,https://www.fincaraiz.com.co/apartamento-en-arriendo-en-calasanz-medellin/193721827,6.252487,-75.6031,6.252487,-75.6031,Coordenada exacta del aviso,1.93,Floresta,B,0.75,Si,Si,78.8,Alta,Contactar primero,"https://www.google.com/maps/search/?api=1&query=6.252487,-75.6031","[URL EXACTA] Calasanz; 2 hab, 1 baños, 75 m² [Fincaraiz] CALLE 44C 82- 23"
92,2026-07-09,Fincaraiz,193909252,Medellin,Simon bolivar,1600000,1,1,32,Por validar,Por validar,Ver portal,https://www.fincaraiz.com.co/apartamento-en-arriendo-en-simon-bolivar-medellin/193909252,6.24883,-75.60299,6.24883,-75.60299,Coordenada exacta del aviso,2.04,Floresta,B,1.12,Si,No,78.9,Alta,Contactar primero,"https://www.google.com/maps/search/?api=1&query=6.24883,-75.60299","[URL EXACTA] Simon bolivar; 1 hab, 1 baños, 32 m² [Fincaraiz] CL 42 C 81 A 09"
93,2026-07-09,Fincaraiz,193703479,Medellin,La america,2500000,3,2,60,Por validar,Por validar,Ver portal,https://www.fincaraiz.com.co/apartamento-en-arriendo-en-la-america-medellin/193703479,6.251855,-75.609687,6.251855,-75.609687,Coordenada exacta del aviso,2.66,Floresta,B,1.3,Si,Si,72.2,Media,Validar distancia y requisitos,"https://www.google.com/maps/search/?api=1&query=6.251855,-75.609687","[URL EXACTA] La america; 3 hab, 2 baños, 60 m² [Fincaraiz] CR 86A 41 37 EDIFICIO SAN ISIDRO AP 603"
94,2026-07-09,Fincaraiz,193288057,Medellin,La america,2000000,2,1,45,Por validar,Por validar,Ver portal,https://www.fincaraiz.com.co/apartamento-en-arriendo-en-la-america-medellin/193288057,6.252963,-75.604231,6.252963,-75.604231,Coordenada exacta del aviso,2.04,Floresta,B,0.77,Si,Si,80.2,Alta,Contactar primero,"https://www.google.com/maps/search/?api=1&query=6.252963,-75.604231","[URL EXACTA] La america; 2 hab, 1 baños, 45 m² [Fincaraiz] Calle 44 C # 84 30"
95,2026-07-09,Fincaraiz,193769930,Medellin,La america,2600000,2,2,48,Por validar,Por validar,Ver portal,https://www.fincaraiz.com.co/apartamento-en-arriendo-en-la-america-medellin/193769930,6.254831,-75.611354,6.254831,-75.611354,Coordenada exacta del aviso,2.81,Floresta,B,1.32,Si,Si,71.2,Media,Validar distancia y requisitos,"https://www.google.com/maps/search/?api=1&query=6.254831,-75.611354","[URL EXACTA] La america; 2 hab, 2 baños, 48 m² [Fincaraiz] CL 44 # 94 - 68"
96,2026-07-09,Fincaraiz,191828737,Medellin,La floresta,1800000,2,2,,Por validar,Por validar,Ver portal,https://www.fincaraiz.com.co/apartamento-en-arriendo-en-la-floresta-medellin/191828737,6.253801,-75.602486,6.253801,-75.602486,Coordenada exacta del aviso,1.84,Floresta,B,0.59,Si,Si,83.0,Alta,Contactar primero,"https://www.google.com/maps/search/?api=1&query=6.253801,-75.602486","[URL EXACTA] La floresta; 2 hab, 2 baños, None m² [Fincaraiz] Transversal 45 C # 82 27 LA VICTORIA"
97,2026-07-09,Fincaraiz,193433953,Medellin,La america,1650000,1,1,40,Por validar,Por validar,Ver portal,https://www.fincaraiz.com.co/apartamento-en-arriendo-en-la-america-medellin/193433953,6.247966,-75.609583,6.247966,-75.609583,Coordenada exacta del aviso,2.76,Floresta,B,1.58,Si,No,72.9,Media,Validar distancia y requisitos,"https://www.google.com/maps/search/?api=1&query=6.247966,-75.609583","[URL EXACTA] La america; 1 hab, 1 baños, 40 m² [Fincaraiz] CR 88 37a 37 AP 1809 terrasol"
98,2026-07-09,Fincaraiz,193800311,Medellin,Los pinos,2500000,3,3,96,Por validar,Por validar,Ver portal,https://www.fincaraiz.com.co/apartamento-en-arriendo-en-los-pinos-medellin/193800311,6.251864,-75.602145,6.251864,-75.602145,Coordenada exacta del aviso,1.84,Floresta,B,0.78,Si,Si,78.8,Alta,Contactar primero,"https://www.google.com/maps/search/?api=1&query=6.251864,-75.602145","[URL EXACTA] Los pinos; 3 hab, 3 baños, 96 m² [Fincaraiz] Av. 80 #44-95, Los Pinos, Medellín, Antioquia, Colombia"
99,2026-07-09,Rentola,casa-en-arriendo-barrio-las-palmas-medellin-p62cb9d,Medellin,Medellín,1750000,5,,200,Por validar,Por validar,Ver portal,https://rentola.com/listings/casa-en-arriendo-barrio-las-palmas-medellin-p62cb9d,6.2391004,-75.5661154,6.2391004,-75.5661154,Coordenada exacta del aviso,2.89,Industriales,A,1.49,Si,Si,72.8,Media,Validar distancia y requisitos,"https://www.google.com/maps/search/?api=1&query=6.2391004,-75.5661154","[URL EXACTA] Medellín; 5 hab, None baños, 200 m² [Rentola] Calle 39C, Comuna 10 - La Candelaria, 050016 Medellín, ANT, Colombia"
100,2026-07-09,Rentola,apartaestudio-en-arriendo-en-la-castellana-medellin-pf0cf03,Medellin,Medellín,1500000,1,,33,Por validar,Por validar,Ver portal,https://rentola.com/listings/apartaestudio-en-arriendo-en-la-castellana-medellin-pf0cf03,6.2425581,-75.6054748,6.2425581,-75.6054748,Coordenada exacta del aviso,2.62,Floresta,B,1.87,Si,No,71.5,Media,Validar distancia y requisitos,"https://www.google.com/maps/search/?api=1&query=6.2425581,-75.6054748","[URL EXACTA] Medellín; 1 hab, None baños, 33 m² [Rentola] Calle 34B, Comuna 11 - Laureles-Estadio, 050032 Medellín, ANT, Colombia"
101,2026-07-09,Rentola,apartamento-en-robledo-la-campina-2-medellin-p28a7d0,Medellin,Medellín,1150000,3,,50,Por validar,Por validar,Ver portal,https://rentola.com/listings/apartamento-en-robledo-la-campina-2-medellin-p28a7d0,6.259929,-75.6091945,6.259929,-75.6091945,Coordenada exacta del aviso,2.6,Floresta,B,1.03,Si,Si,79.6,Alta,Contactar primero,"https://www.google.com/maps/search/?api=1&query=6.259929,-75.6091945","[URL EXACTA] Medellín; 3 hab, None baños, 50 m² [Rentola] Carrera 94, Comuna 13 - San Javier, 050035 Medellín, ANT, Colombia"
102,2026-07-09,Rentola,apartamento-en-arriendo-p1e85ea,Medellin,Medellín,1650000,3,,53,Por validar,Por validar,Ver portal,https://rentola.com/listings/apartamento-en-arriendo-p1e85ea,6.2790741,-75.5887669,6.2790741,-75.5887669,Coordenada exacta del aviso,2.58,Caribe,A,1.96,Si,Si,70.4,Media,Validar distancia y requisitos,"https://www.google.com/maps/search/?api=1&query=6.2790741,-75.5887669","[URL EXACTA] Medellín; 3 hab, None baños, 53 m² [Rentola] Comuna 7 - Robledo, Medellín, Valle de Aburrá, Colombia"
103,2026-07-09,Rentola,casa-en-arriendo-medellin-p342d16,Medellin,Medellín,1200000,3,,120,Por validar,Por validar,Ver portal,https://rentola.com/listings/casa-en-arriendo-medellin-p342d16,6.2499391,-75.5779405,6.2499391,-75.5779405,Coordenada exacta del aviso,1.12,Estadio,B,0.75,Si,Si,86.1,Alta,Contactar primero,"https://www.google.com/maps/search/?api=1&query=6.2499391,-75.5779405","[URL EXACTA] Medellín; 3 hab, None baños, 120 m² [Rentola] Calle 46, Comuna 10 - La Candelaria, 050015 Medellín, ANT, Colombia"
104,2026-07-09,Rentola,apartamento-en-arriendo-en-medellin-en-campo-valdes-1-391415-1-150-000-p3503da,Medellin,Medellín,1150000,3,,55,Por validar,Por validar,Ver portal,https://rentola.com/listings/apartamento-en-arriendo-en-medellin-en-campo-valdes-1-391415-1-150-000-p3503da,6.27295,-75.55406,6.27295,-75.55406,Coordenada exacta del aviso,4.0,Caribe,A,1.99,Si,Si,67.8,Baja,Validar distancia y requisitos,"https://www.google.com/maps/search/?api=1&query=6.27295,-75.55406","[URL EXACTA] Medellín; 3 hab, None baños, 55 m² [Rentola] Campo Valdés, Antioquia, Colombia"
105,2026-07-09,Rentola,house-for-rent-in-milagrosa-p2ca9f5,Medellin,Medellín,1450000,1,,40,Por validar,Por validar,Ver portal,https://rentola.com/listings/house-for-rent-in-milagrosa-p2ca9f5,6.2355434,-75.5566439,6.2355434,-75.5566439,Coordenada exacta del aviso,3.96,Industriales,A,2.16,Si,No,65.4,Baja,Validar distancia y requisitos,"https://www.google.com/maps/search/?api=1&query=6.2355434,-75.5566439","[URL EXACTA] Medellín; 1 hab, None baños, 40 m² [Rentola] Carrera 31, Comuna 9 - Buenos Aires, 050001 Medellín, ANT, Colombia"
106,2026-07-09,Rentola,apartamento-en-arriendo-p06f6b0,Medellin,Medellín,1150000,3,,55,Por validar,Por validar,Ver portal,https://rentola.com/listings/apartamento-en-arriendo-p06f6b0,6.2731196,-75.5560568,6.2731196,-75.5560568,Coordenada exacta del aviso,3.82,Caribe,A,1.78,Si,Si,70.0,Media,Validar distancia y requisitos,"https://www.google.com/maps/search/?api=1&query=6.2731196,-75.5560568","[URL EXACTA] Medellín; 3 hab, None baños, 55 m² [Rentola] Comuna 4 - Aranjuez, 050006 Medellín, ANT, Colombia"
107,2026-07-09,Rentola,casa-en-arriendo-robledo-p986bf6,Medellin,Medellín,1550000,3,,70,Por validar,Por validar,Ver portal,https://rentola.com/listings/casa-en-arriendo-robledo-p986bf6,6.2774663,-75.5984706,6.2774663,-75.5984706,Coordenada exacta del aviso,2.76,Floresta,B,2.12,Si,Si,68.9,Baja,Validar distancia y requisitos,"https://www.google.com/maps/search/?api=1&query=6.2774663,-75.5984706","[URL EXACTA] Medellín; 3 hab, None baños, 70 m² [Rentola] Calle 65, Comuna 7 - Robledo, 050036 Medellín, ANT, Colombia"
108,2026-07-09,Rentola,apartment-for-rent-in-manrique-p3e3cc4,Medellin,Medellín,1350000,3,,70,Por validar,Por validar,Ver portal,https://rentola.com/listings/apartment-for-rent-in-manrique-p3e3cc4,6.2617128,-75.5566175,6.2617128,-75.5566175,Coordenada exacta del aviso,3.31,Caribe,A,2.49,Si,Si,65.1,Baja,Validar distancia y requisitos,"https://www.google.com/maps/search/?api=1&query=6.2617128,-75.5566175","[URL EXACTA] Medellín; 3 hab, None baños, 70 m² [Rentola] Calle 66, Comuna 4 - Aranjuez, 050012 Medellín, ANT, Colombia"
109,2026-07-09,Rentola,casa-en-arriendo-manrique-central-no-1-p546166,Medellin,Medellín,1400000,3,,83,Por validar,Por validar,Ver portal,https://rentola.com/listings/casa-en-arriendo-manrique-central-no-1-p546166,6.2646772,-75.5552635,6.2646772,-75.5552635,Coordenada exacta del aviso,3.53,Caribe,A,2.36,Si,Si,65.3,Baja,Validar distancia y requisitos,"https://www.google.com/maps/search/?api=1&query=6.2646772,-75.5552635","[URL EXACTA] Medellín; 3 hab, None baños, 83 m² [Rentola] The Heaven Club, Metroplús Piso 5, Comuna 3 - Manrique, 050010 Medellín, ANT, Colombia"
110,2026-07-09,Rentola,apartamento-en-arriendo-prado-p44757e,Medellin,Medellín,700000,1,,30,Por validar,Por validar,Ver portal,https://rentola.com/listings/apartamento-en-arriendo-prado-p44757e,6.2617256,-75.5566312,6.2617256,-75.5566312,Coordenada exacta del aviso,3.31,Caribe,A,2.49,Si,No,67.5,Baja,Validar distancia y requisitos,"https://www.google.com/maps/search/?api=1&query=6.2617256,-75.5566312","[URL EXACTA] Medellín; 1 hab, None baños, 30 m² [Rentola] Calle 66, Comuna 4 - Aranjuez, 050012 Medellín, ANT, Colombia"
111,2026-07-09,Rentola,apartment-for-rent-in-campo-valdes-nororiente-medellin-pc6c4e6,Medellin,Medellín,1800000,2,,50,Por validar,Por validar,Ver portal,https://rentola.com/listings/apartment-for-rent-in-campo-valdes-nororiente-medellin-pc6c4e6,6.2697807,-75.5576931,6.2697807,-75.5576931,Coordenada exacta del aviso,3.48,Caribe,A,1.79,Si,Si,68.5,Baja,Validar distancia y requisitos,"https://www.google.com/maps/search/?api=1&query=6.2697807,-75.5576931","[URL EXACTA] Medellín; 2 hab, None baños, 50 m² [Rentola] Calle 76, Comuna 4 - Aranjuez, 050006 Medellín, ANT, Colombia"
112,2026-07-09,Rentola,casa-en-arriendo-san-javier-1-pc7a9f3,Medellin,Medellín,2600000,3,,120,Por validar,Por validar,Ver portal,https://rentola.com/listings/casa-en-arriendo-san-javier-1-pc7a9f3,6.2561236,-75.6149505,6.2561236,-75.6149505,Coordenada exacta del aviso,3.2,Floresta,B,1.67,Si,Si,67.3,Baja,Validar distancia y requisitos,"https://www.google.com/maps/search/?api=1&query=6.2561236,-75.6149505","[URL EXACTA] Medellín; 3 hab, None baños, 120 m² [Rentola] Carrera 97 43 - 41, Comuna 13 - San Javier, 050033 Medellín, ANT, Colombia"
113,2026-07-09,Rentola,house-for-rent-in-cabanas-norte-bello-p5682bd,Medellin,Medellín,1900000,3,,80,Por validar,Por validar,Ver portal,https://rentola.com/listings/house-for-rent-in-cabanas-norte-bello-p5682bd,6.2267823,-75.5812008,6.2267823,-75.5812008,Coordenada exacta del aviso,3.29,Industriales,A,0.73,Si,Si,77.1,Media,Validar distancia y requisitos,"https://www.google.com/maps/search/?api=1&query=6.2267823,-75.5812008","[URL EXACTA] Medellín; 3 hab, None baños, 80 m² [Rentola] Calle 25, Comuna 15 - Guayabal, 050030 Medellín, ANT, Colombia"
114,2026-07-09,Rentola,apartamento-en-arriendo-en-el-salvador-medellin-p180c49,Medellin,Medellín,1680000,3,,60,Por validar,Por validar,Ver portal,https://rentola.com/listings/apartamento-en-arriendo-en-el-salvador-medellin-p180c49,6.2393649,-75.5628035,6.2393649,-75.5628035,Coordenada exacta del aviso,3.16,Industriales,A,1.77,Si,Si,70.0,Media,Validar distancia y requisitos,"https://www.google.com/maps/search/?api=1&query=6.2393649,-75.5628035","[URL EXACTA] Medellín; 3 hab, None baños, 60 m² [Rentola] Calle 40A, Comuna 9 - Buenos Aires, 050016 Medellín, ANT, Colombia"
115,2026-07-09,Rentola,casa-en-arriendo-robledo-p36e7f8,Medellin,Medellín,2400000,3,,129,Por validar,Por validar,Ver portal,https://rentola.com/listings/casa-en-arriendo-robledo-p36e7f8,6.2758742,-75.5973883,6.2758742,-75.5973883,Coordenada exacta del aviso,2.54,Floresta,B,1.95,Si,Si,67.8,Baja,Validar distancia y requisitos,"https://www.google.com/maps/search/?api=1&query=6.2758742,-75.5973883","[URL EXACTA] Medellín; 3 hab, None baños, 129 m² [Rentola] Carrera 87, Comuna 7 - Robledo, 050036 Medellín, ANT, Colombia"
116,2026-07-09,Rentola,casa-en-arriendo-calle-39-veinte-de-julio-comuna-13-san-javier-perimetro-urbano-medellin-medellin-valle-de-aburra-antioq-pefbab0,Medellin,Medellín,1800000,3,,110,Por validar,Por validar,Ver portal,https://rentola.com/listings/casa-en-arriendo-calle-39-veinte-de-julio-comuna-13-san-javier-perimetro-urbano-medellin-medellin-valle-de-aburra-antioq-pefbab0,6.2516239,-75.6205969,6.2516239,-75.6205969,Coordenada exacta del aviso,3.85,Floresta,B,2.4,Si,Si,62.5,Baja,Validar distancia y requisitos,"https://www.google.com/maps/search/?api=1&query=6.2516239,-75.6205969","[URL EXACTA] Medellín; 3 hab, None baños, 110 m² [Rentola] Calle 39, Comuna 13 - San Javier, 050033 Medellín, ANT, Colombia"
117,2026-07-09,Rentola,apartamento-en-arriendo-robledo-medellin-p1c30a4,Medellin,Medellín,1400000,3,,51,Por validar,Por validar,Ver portal,https://rentola.com/listings/apartamento-en-arriendo-robledo-medellin-p1c30a4,6.2876857,-75.5922279,6.2876857,-75.5922279,Coordenada exacta del aviso,3.59,Caribe,A,2.54,Si,Si,63.6,Baja,Validar distancia y requisitos,"https://www.google.com/maps/search/?api=1&query=6.2876857,-75.5922279","[URL EXACTA] Medellín; 3 hab, None baños, 51 m² [Rentola] Carrera 91A, Comuna 7 - Robledo, 050041 Medellín, ANT, Colombia"
118,2026-07-09,Rentola,apartaestudio-en-arriendo-el-socorro-p163805,Medellin,Medellín,850000,1,,38,Por validar,Por validar,Ver portal,https://rentola.com/listings/apartaestudio-en-arriendo-el-socorro-p163805,6.262006,-75.6202141,6.262006,-75.6202141,Coordenada exacta del aviso,3.84,Floresta,B,2.27,Si,No,67.1,Baja,Validar distancia y requisitos,"https://www.google.com/maps/search/?api=1&query=6.262006,-75.6202141","[URL EXACTA] Medellín; 1 hab, None baños, 38 m² [Rentola] Carrera 103B, Comuna 13 - San Javier, 050033 Medellín, ANT, Colombia"
119,2026-07-09,Rentola,apartment-for-rent-in-san-antonio-de-prado-pfcdf85,Medellin,Medellín,800000,2,,35,Por validar,Por validar,Ver portal,https://rentola.com/listings/apartment-for-rent-in-san-antonio-de-prado-pfcdf85,6.24964,-75.5906532,6.24964,-75.5906532,Coordenada exacta del aviso,0.87,Suramericana,B,0.47,Si,Si,90.6,Alta,Contactar primero,"https://www.google.com/maps/search/?api=1&query=6.24964,-75.5906532","[URL EXACTA] Medellín; 2 hab, None baños, 35 m² [Rentola] Calle 44 C, Comuna 11 - Laureles-Estadio, 050031 Medellín, ANT, Colombia"
120,2026-07-09,Rentola,apartaestudio-en-arriendo-los-colores-pd4d044,Medellin,Medellín,890000,1,,12,Por validar,Por validar,Ver portal,https://rentola.com/listings/apartaestudio-en-arriendo-los-colores-pd4d044,6.264909,-75.5931499,6.264909,-75.5931499,Coordenada exacta del aviso,1.27,Floresta,B,1.04,Si,No,84.5,Alta,Contactar primero,"https://www.google.com/maps/search/?api=1&query=6.264909,-75.5931499","[URL EXACTA] Medellín; 1 hab, None baños, 12 m² [Rentola] Carrera 78, Comuna 11 - Laureles-Estadio, 050034 Medellín, ANT, Colombia"
121,2026-07-09,Rentola,apartaestudio-en-arriendo-robledo-p89bf37,Medellin,Medellín,900000,1,,45,Por validar,Por validar,Ver portal,https://rentola.com/listings/apartaestudio-en-arriendo-robledo-p89bf37,6.2810613,-75.5996572,6.2810613,-75.5996572,Coordenada exacta del aviso,3.17,Floresta,B,2.51,Si,No,67.0,Baja,Validar distancia y requisitos,"https://www.google.com/maps/search/?api=1&query=6.2810613,-75.5996572","[URL EXACTA] Medellín; 1 hab, None baños, 45 m² [Rentola] Calle 65C, Comuna 7 - Robledo, 050036 Medellín, ANT, Colombia"
122,2026-07-09,Rentola,casa-en-arriendo-florida-nueva-p1f5815,Medellin,Medellín,2600000,3,,120,Por validar,Por validar,Ver portal,https://rentola.com/listings/casa-en-arriendo-florida-nueva-p1f5815,6.2504333,-75.589035,6.2504333,-75.589035,Coordenada exacta del aviso,0.7,Suramericana,B,0.31,Si,Si,85.6,Alta,Contactar primero,"https://www.google.com/maps/search/?api=1&query=6.2504333,-75.589035","[URL EXACTA] Medellín; 3 hab, None baños, 120 m² [Rentola] Calle 44B, Comuna 11 - Laureles-Estadio, 050031 Medellín, ANT, Colombia"
123,2026-07-09,Rentola,antioquia-medellin-loma-de-los-bernal-p05cf9b,Medellin,Medellín,2300000,2,,55,Por validar,Por validar,Ver portal,https://rentola.com/listings/antioquia-medellin-loma-de-los-bernal-p05cf9b,6.214506,-75.6057578,6.214506,-75.6057578,Coordenada exacta del aviso,5.1,Poblado,A,3.08,Si,Si,51.4,Baja,Validar distancia y requisitos,"https://www.google.com/maps/search/?api=1&query=6.214506,-75.6057578","[URL EXACTA] Medellín; 2 hab, None baños, 55 m² [Rentola] Carrera 81A, Comuna 16 - Belén, 050026 Medellín, ANT, Colombia"
124,2026-07-09,Rentola,estudio-en-arriendo-en-robledo-pa5a53b,Medellin,Medellín,1000000,1,,15,Por validar,Por validar,Ver portal,https://rentola.com/listings/estudio-en-arriendo-en-robledo-pa5a53b,6.2753561,-75.5810042,6.2753561,-75.5810042,Coordenada exacta del aviso,2.22,Caribe,A,1.18,Si,No,80.1,Alta,Contactar primero,"https://www.google.com/maps/search/?api=1&query=6.2753561,-75.5810042","[URL EXACTA] Medellín; 1 hab, None baños, 15 m² [Rentola] Calle 77E, Comuna 7 - Robledo, 050040 Medellín, ANT, Colombia"
125,2026-07-09,Rentola,apartment-for-rent-in-robledo-p33a19f,Medellin,Medellín,1750000,3,,54,Por validar,Por validar,Ver portal,https://rentola.com/listings/apartment-for-rent-in-robledo-p33a19f,6.24964,-75.5906532,6.24964,-75.5906532,Coordenada exacta del aviso,0.87,Suramericana,B,0.47,Si,Si,87.1,Alta,Contactar primero,"https://www.google.com/maps/search/?api=1&query=6.24964,-75.5906532","[URL EXACTA] Medellín; 3 hab, None baños, 54 m² [Rentola] Calle 44 C, Comuna 11 - Laureles-Estadio, 050031 Medellín, ANT, Colombia"
126,2026-07-09,Rentola,studio-for-rent-in-villa-hermosa-pd51f9a,Medellin,Medellín,1300000,1,,40,Por validar,Por validar,Ver portal,https://rentola.com/listings/studio-for-rent-in-villa-hermosa-pd51f9a,6.2550368,-75.5592469,6.2550368,-75.5592469,Coordenada exacta del aviso,2.96,Estadio,B,2.75,Si,No,64.2,Baja,Validar distancia y requisitos,"https://www.google.com/maps/search/?api=1&query=6.2550368,-75.5592469","[URL EXACTA] Medellín; 1 hab, None baños, 40 m² [Rentola] Carrera 45, Comuna 8 - Villa Hermosa, 050012 Medellín, ANT, Colombia"
127,2026-07-09,Rentola,apartamento-en-serramonte-bello-pa54bf0,Medellin,Medellín,1750000,2,,125,Por validar,Por validar,Ver portal,https://rentola.com/listings/apartamento-en-serramonte-bello-pa54bf0,6.259929,-75.6091945,6.259929,-75.6091945,Coordenada exacta del aviso,2.6,Floresta,B,1.03,Si,Si,77.4,Media,Validar distancia y requisitos,"https://www.google.com/maps/search/?api=1&query=6.259929,-75.6091945","[URL EXACTA] Medellín; 2 hab, None baños, 125 m² [Rentola] Carrera 94, Comuna 13 - San Javier, 050035 Medellín, ANT, Colombia"
128,2026-07-09,Rentola,casa-en-arriendo-nueva-villa-de-aburra-p5ef17c,Medellin,Medellín,2200000,3,,100,Por validar,Por validar,Ver portal,https://rentola.com/listings/casa-en-arriendo-nueva-villa-de-aburra-p5ef17c,6.2349685,-75.6010009,6.2349685,-75.6010009,Coordenada exacta del aviso,2.87,Suramericana,B,2.47,Si,Si,63.4,Baja,Validar distancia y requisitos,"https://www.google.com/maps/search/?api=1&query=6.2349685,-75.6010009","[URL EXACTA] Medellín; 3 hab, None baños, 100 m² [Rentola] Carrera 80A, Comuna 16 - Belén, 050030 Medellín, ANT, Colombia"
129,2026-07-09,Rentola,apartment-for-rent-in-aranjuez-p097d9d,Medellin,Medellín,2300000,3,,100,Por validar,Por validar,Ver portal,https://rentola.com/listings/apartment-for-rent-in-aranjuez-p097d9d,6.2794401,-75.5631068,6.2794401,-75.5631068,Coordenada exacta del aviso,3.63,Caribe,A,0.87,Si,Si,73.5,Media,Validar distancia y requisitos,"https://www.google.com/maps/search/?api=1&query=6.2794401,-75.5631068","[URL EXACTA] Medellín; 3 hab, None baños, 100 m² [Rentola] Calle 86, Comuna 4 - Aranjuez, 050006 Medellín, ANT, Colombia"
130,2026-07-09,Rentola,apartaestudio-en-arriendo-limonar-pcae1dc,Medellin,Medellín,890000,1,,45,Por validar,Por validar,Ver portal,https://rentola.com/listings/apartaestudio-en-arriendo-limonar-pcae1dc,6.2587431,-75.5843758,6.2587431,-75.5843758,Coordenada exacta del aviso,0.35,Estadio,B,0.64,Si,No,90.5,Alta,Contactar primero,"https://www.google.com/maps/search/?api=1&query=6.2587431,-75.5843758","[URL EXACTA] Medellín; 1 hab, None baños, 45 m² [Rentola] Boliche Acuario, Transversal 51A 51 67b-60, Comuna 11 - Laureles-Estadio, 050034 Medellín, ANT, Colombia"
131,2026-07-09,Rentola,apartamento-sector-belen-parque-pe0e5a5,Medellin,Medellín,2300000,2,,80,Por validar,Por validar,Ver portal,https://rentola.com/listings/apartamento-sector-belen-parque-pe0e5a5,6.2320897,-75.5988032,6.2320897,-75.5988032,Coordenada exacta del aviso,3.01,Suramericana,B,2.61,Si,Si,61.4,Baja,Validar distancia y requisitos,"https://www.google.com/maps/search/?api=1&query=6.2320897,-75.5988032","[URL EXACTA] Medellín; 2 hab, None baños, 80 m² [Rentola] Calle 30A, Comuna 16 - Belén, 050030 Medellín, ANT, Colombia"
132,2026-07-09,Rentola,estudio-en-arriendo-en-robledo-p14c633,Medellin,Medellín,900000,1,,10,Por validar,Por validar,Ver portal,https://rentola.com/listings/estudio-en-arriendo-en-robledo-p14c633,6.2753561,-75.5810042,6.2753561,-75.5810042,Coordenada exacta del aviso,2.22,Caribe,A,1.18,Si,No,80.5,Alta,Contactar primero,"https://www.google.com/maps/search/?api=1&query=6.2753561,-75.5810042","[URL EXACTA] Medellín; 1 hab, None baños, 10 m² [Rentola] Calle 77E, Comuna 7 - Robledo, 050040 Medellín, ANT, Colombia"
133,2026-07-09,Rentola,studio-apartment-in-medellin-calasanz-code-67402-pb4908b,Medellin,Medellín,1000000,1,,32,Por validar,Por validar,Ver portal,https://rentola.com/listings/studio-apartment-in-medellin-calasanz-code-67402-pb4908b,6.2621396,-75.5992094,6.2621396,-75.5992094,Coordenada exacta del aviso,1.61,Floresta,B,0.41,Si,No,88.1,Alta,Contactar primero,"https://www.google.com/maps/search/?api=1&query=6.2621396,-75.5992094","[URL EXACTA] Medellín; 1 hab, None baños, 32 m² [Rentola] Comuna 12 - La América, 050035 Medellín, ANT, Colombia"
134,2026-07-09,Rentola,arriendo-de-apartamento-en-medellin-robledo-p8a7c08,Medellin,Medellín,1500000,3,,57,Por validar,Por validar,Ver portal,https://rentola.com/listings/arriendo-de-apartamento-en-medellin-robledo-p8a7c08,6.25184,-75.56359,6.25184,-75.56359,Coordenada exacta del aviso,2.52,Estadio,B,2.26,Si,Si,68.7,Baja,Validar distancia y requisitos,"https://www.google.com/maps/search/?api=1&query=6.25184,-75.56359","[URL EXACTA] Medellín; 3 hab, None baños, 57 m² [Rentola] Medellín, Antioquia, Colombia"
135,2026-07-09,Rentola,apartamento-en-arriendo-p6671ca,Medellin,Medellín,1400000,2,,49,Por validar,Por validar,Ver portal,https://rentola.com/listings/apartamento-en-arriendo-p6671ca,6.2811306,-75.614184,6.2811306,-75.614184,Coordenada exacta del aviso,4.18,Floresta,B,2.96,Si,Si,58.5,Baja,Validar distancia y requisitos,"https://www.google.com/maps/search/?api=1&query=6.2811306,-75.614184","[URL EXACTA] Medellín; 2 hab, None baños, 49 m² [Rentola] La Aurora, Calle 64, Comuna 7 - Robledo, 050047 Medellín, ANT, Colombia"
136,2026-07-09,Rentola,apartaestudio-en-arriendo-la-america-medellin-pa8951a,Medellin,Medellín,2500000,2,,32,Por validar,Por validar,Ver portal,https://rentola.com/listings/apartaestudio-en-arriendo-la-america-medellin-pa8951a,6.2507013,-75.6079043,6.2507013,-75.6079043,Coordenada exacta del aviso,2.49,Floresta,B,1.23,Si,Si,73.3,Media,Validar distancia y requisitos,"https://www.google.com/maps/search/?api=1&query=6.2507013,-75.6079043","[URL EXACTA] Medellín; 2 hab, None baños, 32 m² [Rentola] Comuna 12 - La América, 050035 Medellín, ANT, Colombia"
137,2026-07-09,Rentola,apartment-for-rent-in-rionegro-p42845f,Medellin,Medellín,1450000,2,,52,Por validar,Por validar,Ver portal,https://rentola.com/listings/apartment-for-rent-in-rionegro-p42845f,6.24964,-75.5906532,6.24964,-75.5906532,Coordenada exacta del aviso,0.87,Suramericana,B,0.47,Si,Si,88.2,Alta,Contactar primero,"https://www.google.com/maps/search/?api=1&query=6.24964,-75.5906532","[URL EXACTA] Medellín; 2 hab, None baños, 52 m² [Rentola] Calle 44 C, Comuna 11 - Laureles-Estadio, 050031 Medellín, ANT, Colombia"
138,2026-07-09,Rentola,apartamento-en-arriendo-en-medellin-en-toscana-391588-1-000-000-pbd7782,Medellin,Medellín,1000000,2,,40,Por validar,Por validar,Ver portal,https://rentola.com/listings/apartamento-en-arriendo-en-medellin-en-toscana-391588-1-000-000-pbd7782,6.2538014,-75.5964846,6.2538014,-75.5964846,Coordenada exacta del aviso,1.18,Floresta,B,0.65,Si,Si,87.5,Alta,Contactar primero,"https://www.google.com/maps/search/?api=1&query=6.2538014,-75.5964846","[URL EXACTA] Medellín; 2 hab, None baños, 40 m² [Rentola] Toscana, Carrera 78, Comuna 12 - La América, 050031 Medellín, ANT, Colombia"
139,2026-07-09,Rentola,casa-en-cabanas-bello-p5ebe62,Medellin,Medellín,2300000,3,,106,Por validar,Por validar,Ver portal,https://rentola.com/listings/casa-en-cabanas-bello-p5ebe62,6.259929,-75.6091945,6.259929,-75.6091945,Coordenada exacta del aviso,2.6,Floresta,B,1.03,Si,Si,75.3,Media,Validar distancia y requisitos,"https://www.google.com/maps/search/?api=1&query=6.259929,-75.6091945","[URL EXACTA] Medellín; 3 hab, None baños, 106 m² [Rentola] Carrera 94, Comuna 13 - San Javier, 050035 Medellín, ANT, Colombia"
140,2026-07-09,Rentola,antioquia-medellin-san-javier-pf4f170,Medellin,Medellín,1800000,2,,45,Por validar,Por validar,Ver portal,https://rentola.com/listings/antioquia-medellin-san-javier-pf4f170,6.2579749,-75.611796,6.2579749,-75.611796,Coordenada exacta del aviso,2.86,Floresta,B,1.31,Si,Si,74.2,Media,Validar distancia y requisitos,"https://www.google.com/maps/search/?api=1&query=6.2579749,-75.611796","[URL EXACTA] Medellín; 2 hab, None baños, 45 m² [Rentola] Calle 47F, Comuna 13 - San Javier, 050035 Medellín, ANT, Colombia"
141,2026-07-09,Rentola,apartamento-para-arriendo-codigo-7939-p5e644f,Medellin,Medellín,2100000,3,,65,Por validar,Por validar,Ver portal,https://rentola.com/listings/apartamento-para-arriendo-codigo-7939-p5e644f,6.2464,-75.60554,6.2464,-75.60554,Coordenada exacta del aviso,2.41,Floresta,B,1.48,Si,Si,73.0,Media,Validar distancia y requisitos,"https://www.google.com/maps/search/?api=1&query=6.2464,-75.60554","[URL EXACTA] Medellín; 3 hab, None baños, 65 m² [Rentola] Simón Bolívar, Antioquia, Colombia"
142,2026-07-09,Rentola,apartamento-en-arriendo-en-medellin-en-robledo-390016-1-650-000-p200069,Medellin,Medellín,1650000,3,,53,Por validar,Por validar,Ver portal,https://rentola.com/listings/apartamento-en-arriendo-en-medellin-en-robledo-390016-1-650-000-p200069,6.263502,-75.577441,6.263502,-75.577441,Coordenada exacta del aviso,1.26,Estadio,B,1.37,Si,Si,79.1,Alta,Contactar primero,"https://www.google.com/maps/search/?api=1&query=6.263502,-75.577441","[URL EXACTA] Medellín; 3 hab, None baños, 53 m² [Rentola] Graeco (Grupo de investigacion en Agroecología), Camino de los Guayabos, Comuna 7 - Robledo, 050010 Medellín, ANT, Colombia"
143,2026-07-09,Rentola,apartaestudio-en-arriendo-laureles-p2f3905,Medellin,Medellín,2550000,1,,35,Por validar,Por validar,Ver portal,https://rentola.com/listings/apartaestudio-en-arriendo-laureles-p2f3905,6.2405043,-75.6030995,6.2405043,-75.6030995,Coordenada exacta del aviso,2.56,Floresta,B,2.03,Si,No,66.5,Baja,Validar distancia y requisitos,"https://www.google.com/maps/search/?api=1&query=6.2405043,-75.6030995","[URL EXACTA] Medellín; 1 hab, None baños, 35 m² [Rentola] Calle 33B, Comuna 11 - Laureles-Estadio, 050032 Medellín, ANT, Colombia"
144,2026-07-09,Rentola,apartamento-en-arriendo-cristobal-p95e230,Medellin,Medellín,1600000,1,,37,Por validar,Por validar,Ver portal,https://rentola.com/listings/apartamento-en-arriendo-cristobal-p95e230,6.2465835,-75.6091263,6.2465835,-75.6091263,Coordenada exacta del aviso,2.76,Floresta,B,1.67,Si,No,72.3,Media,Validar distancia y requisitos,"https://www.google.com/maps/search/?api=1&query=6.2465835,-75.6091263","[URL EXACTA] Medellín; 1 hab, None baños, 37 m² [Rentola] Carrera 86A, Comuna 12 - La América, 050032 Medellín, ANT, Colombia"
145,2026-07-09,Rentola,casa-en-arriendo-la-pradera-p8c4c9a,Medellin,Medellín,1900000,3,,120,Por validar,Por validar,Ver portal,https://rentola.com/listings/casa-en-arriendo-la-pradera-p8c4c9a,6.2631866,-75.608455,6.2631866,-75.608455,Coordenada exacta del aviso,2.61,Floresta,B,1.07,Si,Si,76.5,Media,Validar distancia y requisitos,"https://www.google.com/maps/search/?api=1&query=6.2631866,-75.608455","[URL EXACTA] Medellín; 3 hab, None baños, 120 m² [Rentola] Calle 49BB, Comuna 13 - San Javier, 050035 Medellín, ANT, Colombia"
146,2026-07-09,Rentola,apartment-for-rent-in-bello-p2f9b09,Medellin,Medellín,2000000,3,,62,Por validar,Por validar,Ver portal,https://rentola.com/listings/apartment-for-rent-in-bello-p2f9b09,6.24964,-75.5906532,6.24964,-75.5906532,Coordenada exacta del aviso,0.87,Suramericana,B,0.47,Si,Si,86.1,Alta,Contactar primero,"https://www.google.com/maps/search/?api=1&query=6.24964,-75.5906532","[URL EXACTA] Medellín; 3 hab, None baños, 62 m² [Rentola] Calle 44 C, Comuna 11 - Laureles-Estadio, 050031 Medellín, ANT, Colombia"
147,2026-07-09,Rentola,apartaestudio-en-arriendo-santa-monica-pf6d0ec,Medellin,Medellín,1400000,1,,20,Por validar,Por validar,Ver portal,https://rentola.com/listings/apartaestudio-en-arriendo-santa-monica-pf6d0ec,6.2495438,-75.6154408,6.2495438,-75.6154408,Coordenada exacta del aviso,3.33,Floresta,B,1.98,Si,No,68.9,Baja,Validar distancia y requisitos,"https://www.google.com/maps/search/?api=1&query=6.2495438,-75.6154408","[URL EXACTA] Medellín; 1 hab, None baños, 20 m² [Rentola] Carrera 94, Comuna 13 - San Javier, 050033 Medellín, ANT, Colombia"
148,2026-07-09,Rentola,apartamento-en-arriendo-en-medellin-en-los-colores-389441-2-450-000-p2de20e,Medellin,Medellín,2450000,3,,60,Por validar,Por validar,Ver portal,https://rentola.com/listings/apartamento-en-arriendo-en-medellin-en-los-colores-389441-2-450-000-p2de20e,6.26485,-75.59431,6.26485,-75.59431,Coordenada exacta del aviso,1.35,Floresta,B,0.95,Si,Si,79.1,Alta,Contactar primero,"https://www.google.com/maps/search/?api=1&query=6.26485,-75.59431","[URL EXACTA] Medellín; 3 hab, None baños, 60 m² [Rentola] Los Colores, Antioquia, Colombia"
149,2026-07-09,Rentola,apartamento-en-arriendo-p75965a,Medellin,Medellín,1800000,2,,46,Por validar,Por validar,Ver portal,https://rentola.com/listings/apartamento-en-arriendo-p75965a,6.2501048,-75.5680187,6.2501048,-75.5680187,Coordenada exacta del aviso,2.09,Estadio,B,1.8,Si,Si,72.6,Media,Validar distancia y requisitos,"https://www.google.com/maps/search/?api=1&query=6.2501048,-75.5680187","[URL EXACTA] Medellín; 2 hab, None baños, 46 m² [Rentola] Comuna 10 - La Candelaria, Medellín, Valle de Aburrá, Colombia"
150,2026-07-09,Rentola,apartamento-en-robledo-en-arriendo-paeb56e,Medellin,Medellín,1500000,2,,50,Por validar,Por validar,Ver portal,https://rentola.com/listings/apartamento-en-robledo-en-arriendo-paeb56e,6.2834283,-75.5954493,6.2834283,-75.5954493,Coordenada exacta del aviso,3.22,Caribe,A,2.75,Si,Si,62.7,Baja,Validar distancia y requisitos,"https://www.google.com/maps/search/?api=1&query=6.2834283,-75.5954493","[URL EXACTA] Medellín; 2 hab, None baños, 50 m² [Rentola] Roblealto, Calle 76 #89C-52, Comuna 7 - Robledo, 050041 Medellín, ANT, Colombia"
151,2026-07-09,Rentola,casa-en-arriendo-medellin-p62ef2a,Medellin,Medellín,2400000,3,,130,Por validar,Por validar,Ver portal,https://rentola.com/listings/casa-en-arriendo-medellin-p62ef2a,6.2499391,-75.5779405,6.2499391,-75.5779405,Coordenada exacta del aviso,1.12,Estadio,B,0.75,Si,Si,81.6,Alta,Contactar primero,"https://www.google.com/maps/search/?api=1&query=6.2499391,-75.5779405","[URL EXACTA] Medellín; 3 hab, None baños, 130 m² [Rentola] Calle 46, Comuna 10 - La Candelaria, 050015 Medellín, ANT, Colombia"
152,2026-07-09,Rentola,apartamento-en-arriendo-pe7a33d,Medellin,Medellín,1850000,3,,60,Por validar,Por validar,Ver portal,https://rentola.com/listings/apartamento-en-arriendo-pe7a33d,6.2585331,-75.5512674,6.2585331,-75.5512674,Coordenada exacta del aviso,3.85,Caribe,A,3.15,Si,Si,56.3,Baja,Validar distancia y requisitos,"https://www.google.com/maps/search/?api=1&query=6.2585331,-75.5512674","[URL EXACTA] Medellín; 3 hab, None baños, 60 m² [Rentola] Comuna 8 - Villa Hermosa, 050013 Medellín, ANT, Colombia"
153,2026-07-09,Rentola,apartaestudio-en-arriendo-manrique-central-no-1-p975a94,Medellin,Medellín,1600000,1,,22,Por validar,Por validar,Ver portal,https://rentola.com/listings/apartaestudio-en-arriendo-manrique-central-no-1-p975a94,6.2642951,-75.5586135,6.2642951,-75.5586135,Coordenada exacta del aviso,3.16,Caribe,A,2.13,Si,No,67.5,Baja,Validar distancia y requisitos,"https://www.google.com/maps/search/?api=1&query=6.2642951,-75.5586135","[URL EXACTA] Medellín; 1 hab, None baños, 22 m² [Rentola] Calle 68, Comuna 4 - Aranjuez, 050010 Medellín, ANT, Colombia"
154,2026-07-09,Rentola,studio-for-rent-in-alfonso-lopez-p2883f1,Medellin,Medellín,650000,1,,27,Por validar,Por validar,Ver portal,https://rentola.com/listings/studio-for-rent-in-alfonso-lopez-p2883f1,6.2835493,-75.5761852,6.2835493,-75.5761852,Coordenada exacta del aviso,3.25,Caribe,A,0.76,Si,No,81.7,Alta,Contactar primero,"https://www.google.com/maps/search/?api=1&query=6.2835493,-75.5761852","[URL EXACTA] Medellín; 1 hab, None baños, 27 m² [Rentola] Calle 91A, Comuna 5 - Castilla, 050040 Medellín, ANT, Colombia"
155,2026-07-09,Rentola,apartaestudio-en-arriendo-laureles-p7d5813,Medellin,Medellín,2000000,1,,30,Por validar,Por validar,Ver portal,https://rentola.com/listings/apartaestudio-en-arriendo-laureles-p7d5813,6.2478,-75.5894112,6.2478,-75.5894112,Coordenada exacta del aviso,0.99,Suramericana,B,0.6,Si,No,84.7,Alta,Contactar primero,"https://www.google.com/maps/search/?api=1&query=6.2478,-75.5894112","[URL EXACTA] Medellín; 1 hab, None baños, 30 m² [Rentola] Dulce Poison, Calle 42 70-39, Comuna 11 - Laureles-Estadio, 050031 Medellín, ANT, Colombia"
156,2026-07-09,Rentola,apartamento-en-arriendo-pea3053,Medellin,Medellín,1800000,3,,60,Por validar,Por validar,Ver portal,https://rentola.com/listings/apartamento-en-arriendo-pea3053,6.2949518,-75.6076527,6.2949518,-75.6076527,Coordenada exacta del aviso,4.95,Floresta,B,4.14,Si,Si,45.3,Baja,Validar distancia y requisitos,"https://www.google.com/maps/search/?api=1&query=6.2949518,-75.6076527","[URL EXACTA] Medellín; 3 hab, None baños, 60 m² [Rentola] San Cristóbal, 050036 Medellín, ANT, Colombia"
157,2026-07-09,Rentola,apartamento-en-alquiler-loma-de-los-bernal-pb893c8,Medellin,Medellín,2600000,1,,50,Por validar,Por validar,Ver portal,https://rentola.com/listings/apartamento-en-alquiler-loma-de-los-bernal-pb893c8,6.2191309,-75.6078078,6.2191309,-75.6078078,Coordenada exacta del aviso,4.76,Poblado,A,3.39,Si,No,48.8,Baja,Validar distancia y requisitos,"https://www.google.com/maps/search/?api=1&query=6.2191309,-75.6078078","[URL EXACTA] Medellín; 1 hab, None baños, 50 m² [Rentola] Calle 8, Comuna 16 - Belén, 050026 Medellín, ANT, Colombia"
158,2026-07-09,Rentola,antioquia-medellin-calasanz-pa6a292,Medellin,Medellín,2250000,3,,60,Por validar,Por validar,Ver portal,https://rentola.com/listings/antioquia-medellin-calasanz-pa6a292,6.2707317,-75.6029229,6.2707317,-75.6029229,Coordenada exacta del aviso,2.49,Floresta,B,1.4,Si,Si,72.9,Media,Validar distancia y requisitos,"https://www.google.com/maps/search/?api=1&query=6.2707317,-75.6029229","[URL EXACTA] Medellín; 3 hab, None baños, 60 m² [Rentola] unnamed road, Comuna 13 - San Javier, 050035 Medellín, ANT, Colombia"
159,2026-07-09,Rentola,casa-en-arriendo-urbanizacion-coopava-p60206e,Medellin,Medellín,1500000,2,,60,Por validar,Por validar,Ver portal,https://rentola.com/listings/casa-en-arriendo-urbanizacion-coopava-p60206e,6.2244071,-75.5836645,6.2244071,-75.5836645,Coordenada exacta del aviso,3.52,Industriales,A,1.09,Si,Si,75.1,Media,Validar distancia y requisitos,"https://www.google.com/maps/search/?api=1&query=6.2244071,-75.5836645","[URL EXACTA] Medellín; 2 hab, None baños, 60 m² [Rentola] Calle 23, Comuna 15 - Guayabal, 050024 Medellín, ANT, Colombia"
160,2026-07-09,Rentola,apartaestudio-en-arriendo-san-bernardo-p117796,Medellin,Medellín,1550000,1,,50,Por validar,Por validar,Ver portal,https://rentola.com/listings/apartaestudio-en-arriendo-san-bernardo-p117796,6.226936,-75.5927017,6.226936,-75.5927017,Coordenada exacta del aviso,3.32,Industriales,A,1.97,Si,No,68.5,Baja,Validar distancia y requisitos,"https://www.google.com/maps/search/?api=1&query=6.226936,-75.5927017","[URL EXACTA] Medellín; 1 hab, None baños, 50 m² [Rentola] Carrera 71A, Comuna 16 - Belén, 050025 Medellín, ANT, Colombia"
161,2026-07-09,Rentola,apartment-for-rent-in-bello-p0990e4,Medellin,Medellín,2400000,3,,58,Por validar,Por validar,Ver portal,https://rentola.com/listings/apartment-for-rent-in-bello-p0990e4,6.24964,-75.5906532,6.24964,-75.5906532,Coordenada exacta del aviso,0.87,Suramericana,B,0.47,Si,Si,84.6,Alta,Contactar primero,"https://www.google.com/maps/search/?api=1&query=6.24964,-75.5906532","[URL EXACTA] Medellín; 3 hab, None baños, 58 m² [Rentola] Calle 44 C, Comuna 11 - Laureles-Estadio, 050031 Medellín, ANT, Colombia"
162,2026-07-09,Rentola,apartamento-en-arriendo-en-boston-cod-10662-p2672d8,Medellin,Medellín,1850000,2,,63,Por validar,Por validar,Ver portal,https://rentola.com/listings/apartamento-en-arriendo-en-boston-cod-10662-p2672d8,6.2553212,-75.5531265,6.2553212,-75.5531265,Coordenada exacta del aviso,3.63,Caribe,A,3.29,Si,Si,55.8,Baja,Validar distancia y requisitos,"https://www.google.com/maps/search/?api=1&query=6.2553212,-75.5531265","[URL EXACTA] Medellín; 2 hab, None baños, 63 m² [Rentola] Calle 64, Comuna 8 - Villa Hermosa, 050012 Medellín, ANT, Colombia"
163,2026-07-09,Rentola,apartamento-en-arriendo-en-medellin-en-belen-388973-2-300-000-pfdd51c,Medellin,Medellín,2300000,3,,60,Por validar,Por validar,Ver portal,https://rentola.com/listings/apartamento-en-arriendo-en-medellin-en-belen-388973-2-300-000-pfdd51c,6.2340799,-75.5962037,6.2340799,-75.5962037,Coordenada exacta del aviso,2.69,Suramericana,B,2.29,Si,Si,65.0,Baja,Validar distancia y requisitos,"https://www.google.com/maps/search/?api=1&query=6.2340799,-75.5962037","[URL EXACTA] Medellín; 3 hab, None baños, 60 m² [Rentola] Iglesia Renaciendo en Cristo, Carrera 76, Comuna 16 - Belén, 050030 Medellín, ANT, Colombia"
164,2026-07-09,Rentola,antioquia-medellin-la-candelaria-p6d16b7,Medellin,Medellín,2200000,3,,48,Por validar,Por validar,Ver portal,https://rentola.com/listings/antioquia-medellin-la-candelaria-p6d16b7,6.2476373,-75.565815,6.2476373,-75.565815,Coordenada exacta del aviso,2.42,Estadio,B,2.1,Si,Si,67.7,Baja,Validar distancia y requisitos,"https://www.google.com/maps/search/?api=1&query=6.2476373,-75.565815","[URL EXACTA] Medellín; 3 hab, None baños, 48 m² [Rentola] Metroplús, Comuna 10 - La Candelaria, 050012 Medellín, ANT, Colombia"
165,2026-07-09,Rentola,apartamento-en-arriendo-p17d70f,Medellin,Medellín,2280000,3,,72,Por validar,Por validar,Ver portal,https://rentola.com/listings/apartamento-en-arriendo-p17d70f,6.2480409,-75.5576218,6.2480409,-75.5576218,Coordenada exacta del aviso,3.26,Industriales,A,2.86,Si,Si,58.8,Baja,Validar distancia y requisitos,"https://www.google.com/maps/search/?api=1&query=6.2480409,-75.5576218","[URL EXACTA] Medellín; 3 hab, None baños, 72 m² [Rentola] Comuna 10 - La Candelaria, 050013 Medellín, ANT, Colombia"
166,2026-07-09,Rentola,apartaestudio-en-arriendo-san-bernardo-p05324d,Medellin,Medellín,1833000,1,,35,Por validar,Por validar,Ver portal,https://rentola.com/listings/apartaestudio-en-arriendo-san-bernardo-p05324d,6.2277742,-75.5935862,6.2277742,-75.5935862,Coordenada exacta del aviso,3.25,Industriales,A,2.06,Si,No,66.9,Baja,Validar distancia y requisitos,"https://www.google.com/maps/search/?api=1&query=6.2277742,-75.5935862","[URL EXACTA] Medellín; 1 hab, None baños, 35 m² [Rentola] Carrera 73, Comuna 16 - Belén, 050025 Medellín, ANT, Colombia"
167,2026-07-09,Rentola,apartment-for-rent-in-copacabana-p18ef22,Medellin,Medellín,1500000,2,,47,Por validar,Por validar,Ver portal,https://rentola.com/listings/apartment-for-rent-in-copacabana-p18ef22,6.24964,-75.5906532,6.24964,-75.5906532,Coordenada exacta del aviso,0.87,Suramericana,B,0.47,Si,Si,88.0,Alta,Contactar primero,"https://www.google.com/maps/search/?api=1&query=6.24964,-75.5906532","[URL EXACTA] Medellín; 2 hab, None baños, 47 m² [Rentola] Calle 44 C, Comuna 11 - Laureles-Estadio, 050031 Medellín, ANT, Colombia"
168,2026-07-09,Rentola,apartaestudio-en-arriendo-bosques-de-san-pablo-pd921e4,Medellin,Medellín,1000000,1,,15,Por validar,Por validar,Ver portal,https://rentola.com/listings/apartaestudio-en-arriendo-bosques-de-san-pablo-pd921e4,6.2753375,-75.5809459,6.2753375,-75.5809459,Coordenada exacta del aviso,2.22,Caribe,A,1.17,Si,No,80.2,Alta,Contactar primero,"https://www.google.com/maps/search/?api=1&query=6.2753375,-75.5809459","[URL EXACTA] Medellín; 1 hab, None baños, 15 m² [Rentola] Carrera 71, Comuna 7 - Robledo, 050040 Medellín, ANT, Colombia"
169,2026-07-09,Rentola,house-for-rent-in-floresta-p082f01,Medellin,Medellín,2000000,2,,50,Por validar,Por validar,Ver portal,https://rentola.com/listings/house-for-rent-in-floresta-p082f01,6.2592829,-75.603515,6.2592829,-75.603515,Coordenada exacta del aviso,1.97,Floresta,B,0.4,Si,Si,83.4,Alta,Contactar primero,"https://www.google.com/maps/search/?api=1&query=6.2592829,-75.603515","[URL EXACTA] Medellín; 2 hab, None baños, 50 m² [Rentola] Carrera 86, Comuna 12 - La América, 050035 Medellín, ANT, Colombia"
170,2026-07-09,Rentola,apartaestudio-en-arriendo-calasanz-p08eca2,Medellin,Medellín,1500000,1,,30,Por validar,Por validar,Ver portal,https://rentola.com/listings/apartaestudio-en-arriendo-calasanz-p08eca2,6.2640975,-75.5992826,6.2640975,-75.5992826,Coordenada exacta del aviso,1.72,Floresta,B,0.63,Si,No,84.2,Alta,Contactar primero,"https://www.google.com/maps/search/?api=1&query=6.2640975,-75.5992826","[URL EXACTA] Medellín; 1 hab, None baños, 30 m² [Rentola] Calle 50, Comuna 12 - La América, 050035 Medellín, ANT, Colombia"
171,2026-07-09,Rentola,espectacular-apartaestudio-en-arriendo-sector-boston-cod-29850-pb1c4fb,Medellin,Medellín,1400000,1,,45,Por validar,Por validar,Ver portal,https://rentola.com/listings/espectacular-apartaestudio-en-arriendo-sector-boston-cod-29850-pb1c4fb,6.2480409,-75.5576218,6.2480409,-75.5576218,Coordenada exacta del aviso,3.26,Industriales,A,2.86,Si,No,62.1,Baja,Validar distancia y requisitos,"https://www.google.com/maps/search/?api=1&query=6.2480409,-75.5576218","[URL EXACTA] Medellín; 1 hab, None baños, 45 m² [Rentola] Comuna 10 - La Candelaria, 050013 Medellín, ANT, Colombia"
172,2026-07-09,Rentola,apartamento-en-arriendo-en-medellin-en-san-german-389084-2-550-000-p2a3048,Medellin,Medellín,2550000,1,,55,Por validar,Por validar,Ver portal,https://rentola.com/listings/apartamento-en-arriendo-en-medellin-en-san-german-389084-2-550-000-p2a3048,6.26804,-75.58697,6.26804,-75.58697,Coordenada exacta del aviso,1.34,Suramericana,B,1.68,Si,No,73.0,Media,Validar distancia y requisitos,"https://www.google.com/maps/search/?api=1&query=6.26804,-75.58697","[URL EXACTA] Medellín; 1 hab, None baños, 55 m² [Rentola] San Germán, Antioquia, Colombia"
173,2026-07-09,Rentola,apartamento-para-arriendo-codigo-4029-pd0ad24,Medellin,Medellín,2500000,4,,110,Por validar,Por validar,Ver portal,https://rentola.com/listings/apartamento-para-arriendo-codigo-4029-pd0ad24,6.2229218,-75.5793099,6.2229218,-75.5793099,Coordenada exacta del aviso,3.75,Industriales,A,0.83,Si,Si,72.7,Media,Validar distancia y requisitos,"https://www.google.com/maps/search/?api=1&query=6.2229218,-75.5793099","[URL EXACTA] Medellín; 4 hab, None baños, 110 m² [Rentola] Carrera 52, Comuna 15 - Guayabal, 050021 Medellín, ANT, Colombia"
174,2026-07-09,Rentola,apartaestudio-en-arriendo-bosques-de-san-pablo-pf1b4a5,Medellin,Medellín,900000,1,,10,Por validar,Por validar,Ver portal,https://rentola.com/listings/apartaestudio-en-arriendo-bosques-de-san-pablo-pf1b4a5,6.2753375,-75.5809459,6.2753375,-75.5809459,Coordenada exacta del aviso,2.22,Caribe,A,1.17,Si,No,80.6,Alta,Contactar primero,"https://www.google.com/maps/search/?api=1&query=6.2753375,-75.5809459","[URL EXACTA] Medellín; 1 hab, None baños, 10 m² [Rentola] Carrera 71, Comuna 7 - Robledo, 050040 Medellín, ANT, Colombia"
175,2026-07-09,Rentola,apartment-for-rent-in-san-antonio-de-prado-p446f08,Medellin,Medellín,1400000,3,,90,Por validar,Por validar,Ver portal,https://rentola.com/listings/apartment-for-rent-in-san-antonio-de-prado-p446f08,6.24964,-75.5906532,6.24964,-75.5906532,Coordenada exacta del aviso,0.87,Suramericana,B,0.47,Si,Si,88.4,Alta,Contactar primero,"https://www.google.com/maps/search/?api=1&query=6.24964,-75.5906532","[URL EXACTA] Medellín; 3 hab, None baños, 90 m² [Rentola] Calle 44 C, Comuna 11 - Laureles-Estadio, 050031 Medellín, ANT, Colombia"
176,2026-07-09,Rentola,apartaestudio-en-arriendo-fatima-p36347a,Medellin,Medellín,1600000,1,,20,Por validar,Por validar,Ver portal,https://rentola.com/listings/apartaestudio-en-arriendo-fatima-p36347a,6.2388346,-75.5847207,6.2388346,-75.5847207,Coordenada exacta del aviso,1.91,Industriales,A,1.53,Si,No,76.0,Media,Validar distancia y requisitos,"https://www.google.com/maps/search/?api=1&query=6.2388346,-75.5847207","[URL EXACTA] Medellín; 1 hab, None baños, 20 m² [Rentola] Calle 32F, Comuna 16 - Belén, 050030 Medellín, ANT, Colombia"
177,2026-07-09,Rentola,antioquia-medellin-barichara-pd6a758,Medellin,Medellín,1100000,2,,40,Por validar,Por validar,Ver portal,https://rentola.com/listings/antioquia-medellin-barichara-pd6a758,6.2476373,-75.565815,6.2476373,-75.565815,Coordenada exacta del aviso,2.42,Estadio,B,2.1,Si,Si,71.8,Media,Validar distancia y requisitos,"https://www.google.com/maps/search/?api=1&query=6.2476373,-75.565815","[URL EXACTA] Medellín; 2 hab, None baños, 40 m² [Rentola] Metroplús, Comuna 10 - La Candelaria, 050012 Medellín, ANT, Colombia"
178,2026-07-09,Rentola,apartamento-belen-la-gloria-2-piso-pd90c80,Medellin,Medellín,2400000,3,,110,Por validar,Por validar,Ver portal,https://rentola.com/listings/apartamento-belen-la-gloria-2-piso-pd90c80,6.2337005,-75.5957274,6.2337005,-75.5957274,Coordenada exacta del aviso,2.7,Suramericana,B,2.31,Si,Si,64.4,Baja,Validar distancia y requisitos,"https://www.google.com/maps/search/?api=1&query=6.2337005,-75.5957274","[URL EXACTA] Medellín; 3 hab, None baños, 110 m² [Rentola] Calle 32, Comuna 16 - Belén, 050030 Medellín, ANT, Colombia"
179,2026-07-09,Rentola,studio-for-rent-in-la-america-p13ae8f,Medellin,Medellín,1900000,1,,43,Por validar,Por validar,Ver portal,https://rentola.com/listings/studio-for-rent-in-la-america-p13ae8f,6.24964,-75.5906532,6.24964,-75.5906532,Coordenada exacta del aviso,0.87,Suramericana,B,0.47,Si,No,86.5,Alta,Contactar primero,"https://www.google.com/maps/search/?api=1&query=6.24964,-75.5906532","[URL EXACTA] Medellín; 1 hab, None baños, 43 m² [Rentola] Calle 44 C, Comuna 11 - Laureles-Estadio, 050031 Medellín, ANT, Colombia"
180,2026-07-09,Rentola,apartamento-en-arriendo-carlos-e-restrepo-p26a327,Medellin,Medellín,2000000,2,,70,Por validar,Por validar,Ver portal,https://rentola.com/listings/apartamento-en-arriendo-carlos-e-restrepo-p26a327,6.2566595,-75.5768827,6.2566595,-75.5768827,Coordenada exacta del aviso,1.01,Estadio,B,0.89,Si,Si,82.3,Alta,Contactar primero,"https://www.google.com/maps/search/?api=1&query=6.2566595,-75.5768827","[URL EXACTA] Medellín; 2 hab, None baños, 70 m² [Rentola] 9, Carrera 63A 52 70, Comuna 11 - Laureles-Estadio, 050010 Medellín, ANT, Colombia"
181,2026-07-09,Rentola,apartamento-en-arriendo-en-barrio-cristobal-medellin-p4b892a,Medellin,Medellín,2530000,2,,80,Por validar,Por validar,Ver portal,https://rentola.com/listings/apartamento-en-arriendo-en-barrio-cristobal-medellin-p4b892a,6.2472569,-75.6120842,6.2472569,-75.6120842,Coordenada exacta del aviso,3.04,Floresta,B,1.83,Si,Si,66.7,Baja,Validar distancia y requisitos,"https://www.google.com/maps/search/?api=1&query=6.2472569,-75.6120842","[URL EXACTA] Medellín; 2 hab, None baños, 80 m² [Rentola] Calle 35D, Comuna 12 - La América, 050033 Medellín, ANT, Colombia"
182,2026-07-09,Rentola,apartaestudio-en-arriendo-laureles-nogal-pf098e1,Medellin,Medellín,1700000,1,,45,Por validar,Por validar,Ver portal,https://rentola.com/listings/apartaestudio-en-arriendo-laureles-nogal-pf098e1,6.236897,-75.605008,6.236897,-75.605008,Coordenada exacta del aviso,2.99,Floresta,B,2.47,Si,No,64.9,Baja,Validar distancia y requisitos,"https://www.google.com/maps/search/?api=1&query=6.236897,-75.605008","[URL EXACTA] Medellín; 1 hab, None baños, 45 m² [Rentola] Calle 32E, Comuna 16 - Belén, 050032 Medellín, ANT, Colombia"
183,2026-07-09,Rentola,apartamento-en-arriendo-p4e8b4b,Medellin,Medellín,1500000,2,,68,Por validar,Por validar,Ver portal,https://rentola.com/listings/apartamento-en-arriendo-p4e8b4b,6.283605,-75.5813456,6.283605,-75.5813456,Coordenada exacta del aviso,3.11,Caribe,A,1.25,Si,Si,75.0,Media,Validar distancia y requisitos,"https://www.google.com/maps/search/?api=1&query=6.283605,-75.5813456","[URL EXACTA] Medellín; 2 hab, None baños, 68 m² [Rentola] Comuna 7 - Robledo, 050040 Medellín, ANT, Colombia"
184,2026-07-09,Rentola,casa-en-arriendo-belen-p376b0e,Medellin,Medellín,2500000,3,,130,Por validar,Por validar,Ver portal,https://rentola.com/listings/casa-en-arriendo-belen-p376b0e,6.2225453,-75.594248,6.2225453,-75.594248,Coordenada exacta del aviso,3.83,Poblado,A,2.14,Si,Si,62.0,Baja,Validar distancia y requisitos,"https://www.google.com/maps/search/?api=1&query=6.2225453,-75.594248","[URL EXACTA] Medellín; 3 hab, None baños, 130 m² [Rentola] Carrera 72, Comuna 16 - Belén, 050025 Medellín, ANT, Colombia"
185,2026-07-09,Rentola,apartamento-en-arriendo-calasanz-p792ba0,Medellin,Medellín,1500000,2,,45,Por validar,Por validar,Ver portal,https://rentola.com/listings/apartamento-en-arriendo-calasanz-p792ba0,6.2691871,-75.6004933,6.2691871,-75.6004933,Coordenada exacta del aviso,2.17,Floresta,B,1.19,Si,Si,78.3,Alta,Contactar primero,"https://www.google.com/maps/search/?api=1&query=6.2691871,-75.6004933","[URL EXACTA] Medellín; 2 hab, None baños, 45 m² [Rentola] Carrera 85D, Comuna 13 - San Javier, 050035 Medellín, ANT, Colombia"
186,2026-07-09,Rentola,apartment-for-rent-in-laureles-occidente-medellin-p322208,Medellin,Medellín,2300000,2,,65,Por validar,Por validar,Ver portal,https://rentola.com/listings/apartment-for-rent-in-laureles-occidente-medellin-p322208,6.246322,-75.590452,6.246322,-75.590452,Coordenada exacta del aviso,1.18,Suramericana,B,0.79,Si,Si,81.5,Alta,Contactar primero,"https://www.google.com/maps/search/?api=1&query=6.246322,-75.590452","[URL EXACTA] Medellín; 2 hab, None baños, 65 m² [Rentola] Uno mas uno, Circular 4 71-03, Comuna 11 - Laureles-Estadio, 050031 Medellín, ANT, Colombia"
187,2026-07-09,Rentola,apartaestudio-en-arriendo-bosques-de-san-pablo-p9b9d34,Medellin,Medellín,1231000,1,,33,Por validar,Por validar,Ver portal,https://rentola.com/listings/apartaestudio-en-arriendo-bosques-de-san-pablo-p9b9d34,6.2753581,-75.5810064,6.2753581,-75.5810064,Coordenada exacta del aviso,2.22,Caribe,A,1.18,Si,No,79.3,Alta,Contactar primero,"https://www.google.com/maps/search/?api=1&query=6.2753581,-75.5810064","[URL EXACTA] Medellín; 1 hab, None baños, 33 m² [Rentola] Calle 77E, Comuna 7 - Robledo, 050040 Medellín, ANT, Colombia"
188,2026-07-09,Rentola,apartaestudio-en-arriendo-barrio-cristobal-pcbd997,Medellin,Medellín,1750000,1,,40,Por validar,Por validar,Ver portal,https://rentola.com/listings/apartaestudio-en-arriendo-barrio-cristobal-pcbd997,6.2478474,-75.6096099,6.2478474,-75.6096099,Coordenada exacta del aviso,2.76,Floresta,B,1.59,Si,No,72.4,Media,Validar distancia y requisitos,"https://www.google.com/maps/search/?api=1&query=6.2478474,-75.6096099","[URL EXACTA] Medellín; 1 hab, None baños, 40 m² [Rentola] Carrera 88, Comuna 12 - La América, 050032 Medellín, ANT, Colombia"
189,2026-07-09,Rentola,casa-en-arriendo-belen-la-gloria-medellin-pb9295a,Medellin,Medellín,2100000,3,,65,Por validar,Por validar,Ver portal,https://rentola.com/listings/casa-en-arriendo-belen-la-gloria-medellin-pb9295a,6.2248977,-75.60188,6.2248977,-75.60188,Coordenada exacta del aviso,3.88,Poblado,A,3.0,Si,Si,56.5,Baja,Validar distancia y requisitos,"https://www.google.com/maps/search/?api=1&query=6.2248977,-75.60188","[URL EXACTA] Medellín; 3 hab, None baños, 65 m² [Rentola] SIJIN Ministerio de Defensa Policia Nacional Sede Belén, Calle 19A, Comuna 16 - Belén, 050025 Medellín, ANT, Colombia"
190,2026-07-09,Rentola,apartamento-en-arriendo-san-pablo-p9066af,Medellin,Medellín,2100000,2,,55,Por validar,Por validar,Ver portal,https://rentola.com/listings/apartamento-en-arriendo-san-pablo-p9066af,6.2212943,-75.5814141,6.2212943,-75.5814141,Coordenada exacta del aviso,3.89,Poblado,A,1.1,Si,Si,71.6,Media,Validar distancia y requisitos,"https://www.google.com/maps/search/?api=1&query=6.2212943,-75.5814141","[URL EXACTA] Medellín; 2 hab, None baños, 55 m² [Rentola] Calle 18 52-142, Comuna 15 - Guayabal, 050024 Medellín, ANT, Colombia"
191,2026-07-09,Rentola,apartamento-para-arriendo-codigo-3923-p68ded7,Medellin,Medellín,2600000,2,,85,Por validar,Por validar,Ver portal,https://rentola.com/listings/apartamento-para-arriendo-codigo-3923-p68ded7,6.2380398,-75.6000914,6.2380398,-75.6000914,Coordenada exacta del aviso,2.53,Suramericana,B,2.13,Si,Si,65.6,Baja,Validar distancia y requisitos,"https://www.google.com/maps/search/?api=1&query=6.2380398,-75.6000914","[URL EXACTA] Medellín; 2 hab, None baños, 85 m² [Rentola] El Nogal, Comuna 11 - Laureles-Estadio, Medellín, Valle de Aburrá, Colombia"
192,2026-07-09,Rentola,apartamento-en-arriendo-medellin-medellin-pc179c5,Medellin,Medellín,2300000,1,,47,Por validar,Por validar,Ver portal,https://rentola.com/listings/apartamento-en-arriendo-medellin-medellin-pc179c5,6.2322952,-75.5918451,6.2322952,-75.5918451,Coordenada exacta del aviso,2.71,Industriales,A,1.9,Si,No,68.0,Baja,Validar distancia y requisitos,"https://www.google.com/maps/search/?api=1&query=6.2322952,-75.5918451","[URL EXACTA] Medellín; 1 hab, None baños, 47 m² [Rentola] Calle 30A, Comuna 16 - Belén, 050030 Medellín, ANT, Colombia"
193,2026-07-09,Rentola,casa-en-arriendo-guayabal-medellin-p2093a8,Medellin,Medellín,2000000,2,,70,Por validar,Por validar,Ver portal,https://rentola.com/listings/casa-en-arriendo-guayabal-medellin-p2093a8,6.2212943,-75.5814141,6.2212943,-75.5814141,Coordenada exacta del aviso,3.89,Poblado,A,1.1,Si,Si,72.0,Media,Validar distancia y requisitos,"https://www.google.com/maps/search/?api=1&query=6.2212943,-75.5814141","[URL EXACTA] Medellín; 2 hab, None baños, 70 m² [Rentola] Calle 18 52-142, Comuna 15 - Guayabal, 050024 Medellín, ANT, Colombia"
194,2026-07-09,Rentola,apartment-for-rent-in-la-america-p8bf7c7,Medellin,Medellín,2500000,3,,113,Por validar,Por validar,Ver portal,https://rentola.com/listings/apartment-for-rent-in-la-america-p8bf7c7,6.24964,-75.5906532,6.24964,-75.5906532,Coordenada exacta del aviso,0.87,Suramericana,B,0.47,Si,Si,84.2,Alta,Contactar primero,"https://www.google.com/maps/search/?api=1&query=6.24964,-75.5906532","[URL EXACTA] Medellín; 3 hab, None baños, 113 m² [Rentola] Calle 44 C, Comuna 11 - Laureles-Estadio, 050031 Medellín, ANT, Colombia"
195,2026-07-09,Rentola,apartamento-en-arriendo-caicedo-p82b146,Medellin,Medellín,1150000,1,,28,Por validar,Por validar,Ver portal,https://rentola.com/listings/apartamento-en-arriendo-caicedo-p82b146,6.2438221,-75.5577727,6.2438221,-75.5577727,Coordenada exacta del aviso,3.4,Industriales,A,2.52,Si,No,65.3,Baja,Validar distancia y requisitos,"https://www.google.com/maps/search/?api=1&query=6.2438221,-75.5577727","[URL EXACTA] Medellín; 1 hab, None baños, 28 m² [Rentola] Calle 49A, Comuna 9 - Buenos Aires, 050013 Medellín, ANT, Colombia"
196,2026-07-09,Rentola,apartaestudio-en-arriendo-centro-p02464b,Medellin,Medellín,1450000,1,,40,Por validar,Por validar,Ver portal,https://rentola.com/listings/apartaestudio-en-arriendo-centro-p02464b,6.2461656,-75.5612886,6.2461656,-75.5612886,Coordenada exacta del aviso,2.94,Industriales,A,2.44,Si,No,66.2,Baja,Validar distancia y requisitos,"https://www.google.com/maps/search/?api=1&query=6.2461656,-75.5612886","[URL EXACTA] Medellín; 1 hab, None baños, 40 m² [Rentola] Carrera 41, Comuna 10 - La Candelaria, 050016 Medellín, ANT, Colombia"
197,2026-07-09,Rentola,apartamento-en-arriendo-pb621d7,Medellin,Medellín,2300000,2,,56,Por validar,Por validar,Ver portal,https://rentola.com/listings/apartamento-en-arriendo-pb621d7,6.2621396,-75.5992094,6.2621396,-75.5992094,Coordenada exacta del aviso,1.61,Floresta,B,0.41,Si,Si,83.2,Alta,Contactar primero,"https://www.google.com/maps/search/?api=1&query=6.2621396,-75.5992094","[URL EXACTA] Medellín; 2 hab, None baños, 56 m² [Rentola] Comuna 12 - La América, 050035 Medellín, ANT, Colombia"
198,2026-07-09,Rentola,apartamento-en-arriendo-floresta-p377056,Medellin,Medellín,2000000,2,,55,Por validar,Por validar,Ver portal,https://rentola.com/listings/apartamento-en-arriendo-floresta-p377056,6.2535556,-75.6013941,6.2535556,-75.6013941,Coordenada exacta del aviso,1.72,Floresta,B,0.57,Si,Si,82.8,Alta,Contactar primero,"https://www.google.com/maps/search/?api=1&query=6.2535556,-75.6013941","[URL EXACTA] Medellín; 2 hab, None baños, 55 m² [Rentola] Carrera 81, Comuna 12 - La América, 050035 Medellín, ANT, Colombia"
199,2026-07-09,Rentola,apartamento-en-arriendo-laureles-pdfbe12,Medellin,Medellín,1800000,1,,34,Por validar,Por validar,Ver portal,https://rentola.com/listings/apartamento-en-arriendo-laureles-pdfbe12,6.2476512,-75.5941655,6.2476512,-75.5941655,Coordenada exacta del aviso,1.29,Suramericana,B,0.9,Si,No,82.2,Alta,Contactar primero,"https://www.google.com/maps/search/?api=1&query=6.2476512,-75.5941655","[URL EXACTA] Medellín; 1 hab, None baños, 34 m² [Rentola] Calle 41, Comuna 11 - Laureles-Estadio, 050031 Medellín, ANT, Colombia"
200,2026-07-09,Rentola,apartamento-en-arriendo-las-acacias-paf1e73,Medellin,Medellín,2000000,1,,15,Por validar,Por validar,Ver portal,https://rentola.com/listings/apartamento-en-arriendo-las-acacias-paf1e73,6.2409289,-75.5983801,6.2409289,-75.5983801,Coordenada exacta del aviso,2.16,Suramericana,B,1.77,Si,No,71.8,Media,Validar distancia y requisitos,"https://www.google.com/maps/search/?api=1&query=6.2409289,-75.5983801","[URL EXACTA] Medellín; 1 hab, None baños, 15 m² [Rentola] Carrera 78, Comuna 11 - Laureles-Estadio, 050032 Medellín, ANT, Colombia"
201,2026-07-09,Rentola,apartamento-en-arriendo-en-medellin-en-san-cristobal-389435-1-600-000-p366e4d,Medellin,Medellín,1600000,2,,55,Por validar,Por validar,Ver portal,https://rentola.com/listings/apartamento-en-arriendo-en-medellin-en-san-cristobal-389435-1-600-000-p366e4d,6.2954702,-75.6088903,6.2954702,-75.6088903,Coordenada exacta del aviso,5.07,Floresta,B,4.23,Si,Si,44.9,Baja,Validar distancia y requisitos,"https://www.google.com/maps/search/?api=1&query=6.2954702,-75.6088903","[URL EXACTA] Medellín; 2 hab, None baños, 55 m² [Rentola] Quesito en hoja, Antigua Vía al Mar, San Cristóbal, 050036 Medellín, ANT, Colombia"
202,2026-07-09,Rentola,apartaestudio-en-arriendo-barrio-cristobal-medellin-pf576a4,Medellin,Medellín,1800000,1,,32,Por validar,Por validar,Ver portal,https://rentola.com/listings/apartaestudio-en-arriendo-barrio-cristobal-medellin-pf576a4,6.2477899,-75.6089545,6.2477899,-75.6089545,Coordenada exacta del aviso,2.7,Floresta,B,1.55,Si,No,72.7,Media,Validar distancia y requisitos,"https://www.google.com/maps/search/?api=1&query=6.2477899,-75.6089545","[URL EXACTA] Medellín; 1 hab, None baños, 32 m² [Rentola] Comuna 12 - La América, 050032 Medellín, ANT, Colombia"
203,2026-07-09,Rentola,studio-for-rent-in-centro-centro-medellin-p782ffa,Medellin,Medellín,1000000,1,,35,Por validar,Por validar,Ver portal,https://rentola.com/listings/studio-for-rent-in-centro-centro-medellin-p782ffa,6.253486,-75.5655027,6.253486,-75.5655027,Coordenada exacta del aviso,2.28,Estadio,B,2.05,Si,No,73.0,Media,Validar distancia y requisitos,"https://www.google.com/maps/search/?api=1&query=6.253486,-75.5655027","[URL EXACTA] Medellín; 1 hab, None baños, 35 m² [Rentola] Calle 55, Comuna 10 - La Candelaria, 050012 Medellín, ANT, Colombia"
204,2026-07-09,Rentola,casa-en-arriendo-santa-lucia-medellin-p0440c8,Medellin,Medellín,2600000,3,,100,Por validar,Por validar,Ver portal,https://rentola.com/listings/casa-en-arriendo-santa-lucia-medellin-p0440c8,6.2602151,-75.6030091,6.2602151,-75.6030091,Coordenada exacta del aviso,1.94,Floresta,B,0.38,Si,Si,81.4,Alta,Contactar primero,"https://www.google.com/maps/search/?api=1&query=6.2602151,-75.6030091","[URL EXACTA] Medellín; 3 hab, None baños, 100 m² [Rentola] Calle 48A, Comuna 13 - San Javier, 050035 Medellín, ANT, Colombia"
205,2026-07-09,Rentola,apartment-for-rent-in-robledo-pf05e51,Medellin,Medellín,1100000,3,,64,Por validar,Por validar,Ver portal,https://rentola.com/listings/apartment-for-rent-in-robledo-pf05e51,6.24964,-75.5906532,6.24964,-75.5906532,Coordenada exacta del aviso,0.87,Suramericana,B,0.47,Si,Si,89.5,Alta,Contactar primero,"https://www.google.com/maps/search/?api=1&query=6.24964,-75.5906532","[URL EXACTA] Medellín; 3 hab, None baños, 64 m² [Rentola] Calle 44 C, Comuna 11 - Laureles-Estadio, 050031 Medellín, ANT, Colombia"
